客户编号,复购频率
0,0
1,2
2,0
3,0
4,1
5,1
6,2
7,0
8,0
9,1
10,0
11,1
12,0
13,0
14,1
15,1
16,2
17,0
18,2
19,0
20,0
21,1
22,0
23,0
24,1
25,2
26,0
27,1
28,1
29,0
30,0
31,0
32,0
33,1
34,0
35,0
36,1
37,0
38,0
39,1
40,0
41,0
42,0
43,0
44,1
45,2
46,1
47,0
48,0
49,0
50,0
51,1
52,0
53,0
54,1
55,0
56,0
57,1
58,2
59,0
60,2
61,0
62,2
63,1
64,1
65,0
66,1
67,0
68,0
69,0
70,0
71,0
72,0
73,0
74,1
75,1
76,0
77,1
78,1
79,0
80,0
81,1
82,2
83,0
84,0
85,2
86,0
87,0
88,0
89,0
90,2
91,1
92,0
93,0
94,2
95,1
96,0
97,0
98,2
99,0
100,0
101,0
102,0
103,0
104,1
105,0
106,0
107,2
108,0
109,1
110,0
111,0
112,1
113,2
114,1
115,2
116,1
117,2
118,1
119,1
120,0
121,2
122,2
123,0
124,0
125,0
126,0
127,0
128,2
129,0
130,0
131,0
132,0
133,0
134,0
135,0
136,0
137,2
138,2
139,1
140,1
141,2
142,0
143,1
144,0
145,0
146,0
147,0
148,0
149,0
150,0
151,2
152,0
153,0
154,2
155,0
156,0
157,0
158,0
159,0
160,0
161,0
162,0
163,0
164,2
165,0
166,1
167,0
168,0
169,1
170,0
171,2
172,0
173,1
174,0
175,2
176,0
177,0
178,0
179,2
180,0
181,2
182,0
183,0
184,1
185,1
186,0
187,0
188,0
189,2
190,0
191,2
192,0
193,0
194,0
195,2
196,2
197,0
198,0
199,0
200,2
201,1
202,0
203,1
204,2
205,0
206,0
207,0
208,0
209,0
210,0
211,0
212,0
213,0
214,0
215,1
216,0
217,0
218,2
219,1
220,0
221,0
222,0
223,1
224,0
225,0
226,0
227,0
228,1
229,0
230,1
231,0
232,0
233,0
234,1
235,0
236,0
237,2
238,1
239,1
240,1
241,0
242,2
243,1
244,0
245,1
246,0
247,0
248,0
249,0
250,0
251,0
252,0
253,0
254,1
255,0
256,1
257,0
258,2
259,0
260,2
261,1
262,1
263,1
264,0
265,2
266,2
267,0
268,0
269,0
270,0
271,0
272,0
273,0
274,2
275,0
276,2
277,2
278,0
279,0
280,0
281,0
282,0
283,0
284,0
285,1
286,2
287,1
288,0
289,1
290,0
291,0
292,0
293,1
294,0
295,2
296,0
297,2
298,2
299,1
300,1
301,0
302,0
303,0
304,1
305,2
306,0
307,2
308,2
309,1
310,0
311,0
312,0
313,2
314,0
315,0
316,0
317,0
318,0
319,0
320,1
321,0
322,0
323,0
324,1
325,0
326,0
327,0
328,0
329,0
330,0
331,1
332,1
333,1
334,0
335,0
336,0
337,2
338,2
339,0
340,0
341,0
342,2
343,0
344,0
345,1
346,1
347,1
348,0
349,0
350,1
351,0
352,0
353,0
354,2
355,0
356,0
357,1
358,1
359,0
360,0
361,0
362,0
363,0
364,0
365,0
366,0
367,0
368,0
369,0
370,0
371,0
372,1
373,0
374,0
375,0
376,2
377,0
378,0
379,0
380,0
381,0
382,2
383,0
384,0
385,0
386,0
387,2
388,0
389,2
390,0
391,0
392,1
393,1
394,0
395,1
396,0
397,0
398,1
399,1
400,0
401,1
402,0
403,1
404,0
405,0
406,2
407,0
408,0
409,1
410,1
411,2
412,0
413,0
414,0
415,0
416,1
417,0
418,2
419,0
420,1
421,0
422,0
423,0
424,0
425,0
426,0
427,2
428,0
429,0
430,2
431,1
432,0
433,0
434,0
435,2
436,2
437,2
438,0
439,2
440,0
441,2
442,0
443,0
444,0
445,0
446,0
447,0
448,0
449,2
450,0
451,1
452,2
453,0
454,0
455,0
456,0
457,2
458,0
459,1
460,0
461,0
462,0
463,0
464,0
465,0
466,0
467,2
468,2
469,0
470,2
471,2
472,0
473,0
474,2
475,0
476,0
477,0
478,0
479,0
480,0
481,2
482,0
483,1
484,0
485,1
486,1
487,0
488,0
489,0
490,2
491,2
492,2
493,0
494,0
495,0
496,1
497,0
498,0
499,0
500,0
501,1
502,1
503,0
504,0
505,0
506,0
507,0
508,0
509,0
510,0
511,0
512,0
513,0
514,0
515,0
516,0
517,0
518,0
519,0
520,1
521,1
522,0
523,2
524,0
525,0
526,1
527,0
528,0
529,0
530,0
531,0
532,0
533,0
534,0
535,2
536,2
537,1
538,0
539,2
540,2
541,0
542,1
543,0
544,0
545,1
546,0
547,1
548,2
549,1
550,0
551,0
552,1
553,0
554,0
555,0
556,1
557,0
558,0
559,1
560,2
561,0
562,0
563,0
564,1
565,0
566,0
567,0
568,1
569,1
570,0
571,2
572,0
573,1
574,0
575,1
576,0
577,2
578,0
579,1
580,0
581,0
582,0
583,0
584,0
585,0
586,1
587,0
588,1
589,0
590,0
591,1
592,0
593,0
594,0
595,0
596,0
597,0
598,0
599,1
600,0
601,0
602,0
603,0
604,1
605,0
606,2
607,1
608,0
609,2
610,0
611,0
612,2
613,1
614,0
615,0
616,1
617,0
618,0
619,0
620,0
621,0
622,0
623,1
624,0
625,1
626,0
627,0
628,2
629,0
630,2
631,0
632,0
633,0
634,0
635,2
636,0
637,0
638,2
639,0
640,1
641,0
642,1
643,0
644,0
645,1
646,1
647,1
648,0
649,0
650,0
651,0
652,0
653,2
654,0
655,0
656,0
657,0
658,0
659,0
660,1
661,0
662,0
663,2
664,0
665,0
666,0
667,2
668,1
669,2
670,1
671,0
672,0
673,0
674,0
675,0
676,0
677,2
678,1
679,1
680,0
681,0
682,0
683,0
684,0
685,0
686,1
687,1
688,2
689,0
690,0
691,0
692,0
693,0
694,0
695,0
696,1
697,0
698,0
699,1
700,0
701,0
702,0
703,2
704,2
705,0
706,0
707,0
708,1
709,2
710,2
711,0
712,1
713,2
714,0
715,1
716,2
717,0
718,0
719,0
720,2
721,0
722,0
723,0
724,0
725,1
726,0
727,0
728,0
729,0
730,2
731,1
732,0
733,0
734,1
735,0
736,0
737,1
738,0
739,2
740,1
741,1
742,2
743,0
744,1
745,0
746,1
747,0
748,0
749,0
750,1
751,2
752,2
753,0
754,0
755,2
756,2
757,2
758,0
759,0
760,0
761,0
762,0
763,0
764,1
765,0
766,0
767,1
768,0
769,0
770,0
771,0
772,1
773,0
774,0
775,0
776,0
777,0
778,1
779,2
780,0
781,0
782,0
783,0
784,2
785,2
786,0
787,0
788,0
789,0
790,0
791,0
792,1
793,0
794,1
795,1
796,2
797,0
798,0
799,2
800,0
801,1
802,1
803,2
804,0
805,0
806,1
807,0
808,2
809,1
810,1
811,0
812,0
813,0
814,1
815,1
816,2
817,0
818,1
819,2
820,1
821,1
822,0
823,0
824,2
825,0
826,1
827,0
828,0
829,1
830,0
831,0
832,0
833,0
834,0
835,0
836,0
837,0
838,0
839,2
840,0
841,0
842,0
843,0
844,0
845,0
846,1
847,1
848,0
849,2
850,0
851,1
852,2
853,0
854,0
855,0
856,0
857,0
858,2
859,0
860,0
861,0
862,0
863,1
864,0
865,0
866,0
867,0
868,0
869,0
870,0
871,1
872,0
873,1
874,0
875,2
876,0
877,0
878,0
879,0
880,0
881,0
882,0
883,0
884,0
885,1
886,1
887,0
888,0
889,0
890,0
891,0
892,0
893,0
894,0
895,0
896,0
897,0
898,2
899,1
900,0
901,2
902,0
903,1
904,2
905,0
906,0
907,0
908,0
909,0
910,0
911,0
912,1
913,0
914,0
915,1
916,0
917,0
918,0
919,0
920,0
921,0
922,0
923,0
924,1
925,1
926,0
927,0
928,0
929,1
930,0
931,0
932,0
933,1
934,1
935,0
936,0
937,1
938,1
939,0
940,2
941,0
942,1
943,0
944,0
945,0
946,0
947,0
948,0
949,0
950,2
951,0
952,1
953,0
954,0
955,0
956,1
957,0
958,0
959,1
960,0
961,2
962,1
963,0
964,0
965,0
966,0
967,0
968,1
969,0
970,1
971,0
972,0
973,2
974,0
975,0
976,1
977,0
978,1
979,0
980,2
981,0
982,2
983,0
984,0
985,0
986,0
987,0
988,0
989,0
990,0
991,0
992,0
993,2
994,0
995,0
996,2
997,1
998,0
999,1
1000,1
1001,2
1002,0
1003,1
1004,1
1005,1
1006,0
1007,1
1008,0
1009,0
1010,0
1011,1
1012,1
1013,0
1014,1
1015,2
1016,0
1017,2
1018,0
1019,0
1020,0
1021,0
1022,0
1023,0
1024,0
1025,0
1026,0
1027,1
1028,0
1029,2
1030,2
1031,0
1032,0
1033,0
1034,2
1035,0
1036,1
1037,1
1038,2
1039,0
1040,0
1041,0
1042,0
1043,0
1044,0
1045,2
1046,0
1047,0
1048,1
1049,0
1050,0
1051,0
1052,2
1053,0
1054,0
1055,0
1056,1
1057,1
1058,0
1059,0
1060,0
1061,2
1062,0
1063,0
1064,0
1065,0
1066,0
1067,0
1068,0
1069,0
1070,1
1071,0
1072,0
1073,2
1074,0
1075,0
1076,0
1077,0
1078,1
1079,1
1080,0
1081,0
1082,0
1083,0
1084,0
1085,0
1086,0
1087,2
1088,0
1089,0
1090,1
1091,0
1092,0
1093,0
1094,0
1095,0
1096,2
1097,0
1098,0
1099,0
1100,0
1101,0
1102,0
1103,1
1104,0
1105,2
1106,2
1107,0
1108,2
1109,0
1110,0
1111,1
1112,0
1113,0
1114,0
1115,1
1116,1
1117,0
1118,2
1119,1
1120,0
1121,0
1122,0
1123,0
1124,0
1125,0
1126,0
1127,1
1128,2
1129,0
1130,0
1131,1
1132,0
1133,0
1134,0
1135,0
1136,0
1137,0
1138,1
1139,0
1140,0
1141,2
1142,0
1143,0
1144,1
1145,0
1146,1
1147,0
1148,0
1149,0
1150,0
1151,2
1152,1
1153,0
1154,1
1155,1
1156,0
1157,0
1158,0
1159,0
1160,0
1161,0
1162,1
1163,0
1164,0
1165,2
1166,0
1167,1
1168,0
1169,2
1170,2
1171,1
1172,0
1173,0
1174,1
1175,1
1176,0
1177,2
1178,0
1179,0
1180,0
1181,0
1182,0
1183,2
1184,1
1185,0
1186,1
1187,1
1188,1
1189,0
1190,2
1191,1
1192,1
1193,2
1194,1
1195,0
1196,0
1197,1
1198,2
1199,1
1200,1
1201,0
1202,0
1203,1
1204,0
1205,0
1206,1
1207,0
1208,0
1209,1
1210,0
1211,0
1212,0
1213,2
1214,0
1215,0
1216,0
1217,0
1218,0
1219,0
1220,0
1221,2
1222,0
1223,0
1224,0
1225,0
1226,0
1227,1
1228,1
1229,0
1230,0
1231,0
1232,0
1233,0
1234,0
1235,0
1236,0
1237,0
1238,2
1239,0
1240,0
1241,0
1242,2
1243,0
1244,0
1245,0
1246,0
1247,1
1248,2
1249,1
1250,1
1251,1
1252,0
1253,0
1254,0
1255,1
1256,0
1257,1
1258,1
1259,0
1260,0
1261,0
1262,0
1263,0
1264,1
1265,0
1266,0
1267,0
1268,0
1269,0
1270,0
1271,0
1272,1
1273,0
1274,2
1275,0
1276,2
1277,1
1278,0
1279,0
1280,0
1281,0
1282,0
1283,2
1284,0
1285,0
1286,0
1287,0
1288,0
1289,0
1290,2
1291,0
1292,0
1293,0
1294,0
1295,2
1296,1
1297,0
1298,1
1299,2
1300,0
1301,0
1302,1
1303,0
1304,0
1305,1
1306,2
1307,0
1308,1
1309,0
1310,0
1311,1
1312,0
1313,0
1314,0
1315,1
1316,0
1317,0
1318,0
1319,1
1320,0
1321,0
1322,1
1323,0
1324,0
1325,0
1326,0
1327,0
1328,0
1329,2
1330,0
1331,0
1332,0
1333,0
1334,1
1335,0
1336,1
1337,0
1338,2
1339,1
1340,0
1341,0
1342,1
1343,2
1344,2
1345,0
1346,0
1347,0
1348,0
1349,0
1350,0
1351,2
1352,2
1353,0
1354,0
1355,0
1356,1
1357,0
1358,0
1359,0
1360,0
1361,0
1362,1
1363,0
1364,0
1365,0
1366,0
1367,0
1368,0
1369,0
1370,0
1371,1
1372,0
1373,0
1374,0
1375,0
1376,0
1377,2
1378,1
1379,0
1380,0
1381,0
1382,0
1383,0
1384,2
1385,0
1386,0
1387,1
1388,0
1389,1
1390,0
1391,1
1392,0
1393,2
1394,0
1395,0
1396,0
1397,0
1398,0
1399,1
1400,0
1401,0
1402,0
1403,1
1404,0
1405,0
1406,0
1407,0
1408,0
1409,0
1410,2
1411,0
1412,0
1413,2
1414,0
1415,0
1416,0
1417,0
1418,0
1419,0
1420,1
1421,1
1422,1
1423,0
1424,0
1425,1
1426,2
1427,1
1428,1
1429,0
1430,0
1431,0
1432,0
1433,1
1434,1
1435,0
1436,0
1437,0
1438,0
1439,0
1440,0
1441,0
1442,0
1443,1
1444,0
1445,1
1446,1
1447,0
1448,2
1449,0
1450,1
1451,0
1452,0
1453,0
1454,0
1455,0
1456,1
1457,1
1458,0
1459,0
1460,2
1461,0
1462,0
1463,0
1464,1
1465,0
1466,0
1467,0
1468,0
1469,0
1470,0
1471,0
1472,0
1473,0
1474,0
1475,0
1476,0
1477,2
1478,0
1479,0
1480,2
1481,0
1482,0
1483,0
1484,2
1485,0
1486,0
1487,2
1488,0
1489,0
1490,1
1491,0
1492,0
1493,0
1494,2
1495,0
1496,0
1497,1
1498,0
1499,0
1500,1
1501,0
1502,0
1503,0
1504,0
1505,0
1506,2
1507,2
1508,0
1509,0
1510,0
1511,2
1512,0
1513,0
1514,0
1515,2
1516,0
1517,1
1518,0
1519,0
1520,1
1521,0
1522,0
1523,2
1524,0
1525,2
1526,0
1527,1
1528,0
1529,1
1530,0
1531,0
1532,2
1533,2
1534,1
1535,1
1536,0
1537,0
1538,0
1539,0
1540,1
1541,2
1542,0
1543,0
1544,1
1545,2
1546,1
1547,0
1548,0
1549,2
1550,1
1551,0
1552,0
1553,1
1554,0
1555,2
1556,0
1557,0
1558,0
1559,0
1560,0
1561,0
1562,2
1563,2
1564,0
1565,0
1566,0
1567,0
1568,1
1569,1
1570,0
1571,1
1572,0
1573,1
1574,0
1575,0
1576,0
1577,0
1578,2
1579,0
1580,1
1581,0
1582,0
1583,2
1584,0
1585,2
1586,0
1587,0
1588,2
1589,0
1590,0
1591,1
1592,0
1593,0
1594,0
1595,1
1596,2
1597,1
1598,0
1599,0
1600,2
1601,0
1602,0
1603,2
1604,0
1605,0
1606,0
1607,0
1608,0
1609,0
1610,2
1611,2
1612,1
1613,0
1614,0
1615,0
1616,0
1617,0
1618,0
1619,0
1620,1
1621,0
1622,1
1623,0
1624,0
1625,0
1626,0
1627,0
1628,0
1629,1
1630,1
1631,1
1632,2
1633,1
1634,0
1635,0
1636,2
1637,0
1638,1
1639,0
1640,1
1641,0
1642,0
1643,0
1644,0
1645,0
1646,0
1647,0
1648,0
1649,0
1650,1
1651,0
1652,0
1653,0
1654,2
1655,0
1656,0
1657,1
1658,0
1659,0
1660,0
1661,1
1662,0
1663,1
1664,1
1665,1
1666,0
1667,1
1668,0
1669,1
1670,0
1671,0
1672,0
1673,2
1674,0
1675,1
1676,1
1677,0
1678,0
1679,0
1680,0
1681,0
1682,1
1683,0
1684,0
1685,0
1686,0
1687,0
1688,0
1689,1
1690,0
1691,0
1692,0
1693,2
1694,0
1695,1
1696,2
1697,0
1698,2
1699,0
1700,0
1701,0
1702,1
1703,0
1704,0
1705,0
1706,2
1707,2
1708,2
1709,1
1710,0
1711,0
1712,1
1713,0
1714,0
1715,1
1716,1
1717,1
1718,0
1719,0
1720,0
1721,0
1722,0
1723,2
1724,0
1725,0
1726,0
1727,0
1728,0
1729,0
1730,0
1731,0
1732,0
1733,0
1734,0
1735,1
1736,0
1737,2
1738,2
1739,0
1740,0
1741,2
1742,1
1743,1
1744,0
1745,2
1746,2
1747,0
1748,0
1749,1
1750,2
1751,0
1752,0
1753,0
1754,1
1755,1
1756,2
1757,0
1758,0
1759,1
1760,0
1761,0
1762,0
1763,0
1764,1
1765,0
1766,0
1767,0
1768,2
1769,1
1770,0
1771,0
1772,1
1773,0
1774,1
1775,0
1776,0
1777,0
1778,0
1779,1
1780,0
1781,0
1782,2
1783,0
1784,0
1785,1
1786,2
1787,0
1788,0
1789,0
1790,0
1791,0
1792,1
1793,0
1794,2
1795,0
1796,1
1797,2
1798,0
1799,2
1800,1
1801,0
1802,2
1803,0
1804,0
1805,0
1806,0
1807,1
1808,0
1809,1
1810,0
1811,2
1812,2
1813,0
1814,0
1815,0
1816,1
1817,0
1818,2
1819,1
1820,0
1821,0
1822,0
1823,0
1824,0
1825,0
1826,0
1827,0
1828,2
1829,0
1830,0
1831,2
1832,0
1833,0
1834,0
1835,0
1836,1
1837,2
1838,0
1839,0
1840,0
1841,1
1842,2
1843,0
1844,1
1845,0
1846,1
1847,0
1848,1
1849,2
1850,2
1851,0
1852,1
1853,0
1854,2
1855,0
1856,1
1857,0
1858,1
1859,0
1860,2
1861,1
1862,0
1863,0
1864,1
1865,0
1866,1
1867,0
1868,0
1869,0
1870,0
1871,0
1872,0
1873,0
1874,2
1875,0
1876,0
1877,2
1878,0
1879,0
1880,2
1881,2
1882,0
1883,0
1884,0
1885,0
1886,1
1887,0
1888,0
1889,0
1890,0
1891,1
1892,0
1893,1
1894,0
1895,1
1896,1
1897,2
1898,2
1899,0
1900,1
1901,2
1902,0
1903,0
1904,2
1905,1
1906,2
1907,2
1908,0
1909,0
1910,2
1911,2
1912,0
1913,2
1914,0
1915,0
1916,0
1917,0
1918,0
1919,2
1920,1
1921,0
1922,2
1923,0
1924,0
1925,0
1926,2
1927,1
1928,0
1929,0
1930,0
1931,0
1932,0
1933,1
1934,0
1935,0
1936,1
1937,0
1938,0
1939,0
1940,1
1941,0
1942,0
1943,0
1944,0
1945,2
1946,0
1947,0
1948,1
1949,0
1950,0
1951,0
1952,0
1953,2
1954,0
1955,0
1956,0
1957,0
1958,2
1959,0
1960,1
1961,0
1962,1
1963,1
1964,0
1965,0
1966,2
1967,0
1968,1
1969,2
1970,0
1971,0
1972,2
1973,2
1974,2
1975,0
1976,0
1977,0
1978,1
1979,0
1980,0
1981,0
1982,0
1983,2
1984,1
1985,2
1986,1
1987,0
1988,1
1989,0
1990,0
1991,0
1992,0
1993,0
1994,1
1995,0
1996,1
1997,0
1998,1
1999,0
2000,0
2001,2
2002,0
2003,0
2004,1
2005,0
2006,0
2007,1
2008,0
2009,0
2010,0
2011,0
2012,0
2013,0
2014,0
2015,2
2016,0
2017,1
2018,0
2019,0
2020,0
2021,0
2022,0
2023,2
2024,2
2025,0
2026,0
2027,0
2028,1
2029,0
2030,0
2031,1
2032,0
2033,2
2034,2
2035,1
2036,0
2037,0
2038,0
2039,0
2040,0
2041,0
2042,0
2043,0
2044,2
2045,0
2046,1
2047,2
2048,0
2049,2
2050,0
2051,1
2052,0
2053,0
2054,2
2055,0
2056,1
2057,0
2058,0
2059,0
2060,2
2061,0
2062,2
2063,0
2064,0
2065,1
2066,0
2067,1
2068,1
2069,0
2070,1
2071,0
2072,0
2073,0
2074,0
2075,2
2076,0
2077,1
2078,0
2079,0
2080,0
2081,0
2082,0
2083,2
2084,1
2085,0
2086,0
2087,0
2088,0
2089,0
2090,1
2091,0
2092,0
2093,2
2094,0
2095,0
2096,0
2097,0
2098,0
2099,1
2100,1
2101,1
2102,0
2103,0
2104,1
2105,0
2106,0
2107,0
2108,0
2109,0
2110,0
2111,0
2112,2
2113,0
2114,0
2115,0
2116,1
2117,2
2118,2
2119,0
2120,0
2121,0
2122,0
2123,2
2124,0
2125,2
2126,0
2127,0
2128,0
2129,0
2130,0
2131,0
2132,0
2133,1
2134,2
2135,0
2136,0
2137,2
2138,0
2139,0
2140,0
2141,0
2142,2
2143,0
2144,1
2145,0
2146,0
2147,0
2148,0
2149,0
2150,0
2151,0
2152,0
2153,0
2154,1
2155,2
2156,2
2157,0
2158,0
2159,0
2160,0
2161,0
2162,0
2163,0
2164,0
2165,0
2166,0
2167,0
2168,0
2169,0
2170,0
2171,0
2172,0
2173,1
2174,0
2175,1
2176,1
2177,0
2178,0
2179,0
2180,1
2181,2
2182,0
2183,0
2184,1
2185,0
2186,1
2187,1
2188,0
2189,0
2190,0
2191,1
2192,0
2193,1
2194,0
2195,0
2196,1
2197,2
2198,2
2199,1
2200,0
2201,1
2202,0
2203,0
2204,0
2205,1
2206,1
2207,1
2208,0
2209,0
2210,0
2211,0
2212,2
2213,0
2214,1
2215,0
2216,0
2217,1
2218,0
2219,1
2220,0
2221,0
2222,2
2223,0
2224,0
2225,0
2226,0
2227,0
2228,0
2229,0
2230,0
2231,0
2232,0
2233,0
2234,2
2235,0
2236,0
2237,0
2238,0
2239,1
2240,1
2241,0
2242,2
2243,2
2244,0
2245,1
2246,0
2247,0
2248,0
2249,0
2250,0
2251,0
2252,0
2253,1
2254,1
2255,0
2256,2
2257,0
2258,2
2259,2
2260,0
2261,0
2262,0
2263,0
2264,1
2265,2
2266,0
2267,0
2268,0
2269,0
2270,0
2271,0
2272,1
2273,0
2274,2
2275,0
2276,0
2277,0
2278,0
2279,0
2280,2
2281,0
2282,2
2283,0
2284,0
2285,2
2286,1
2287,0
2288,2
2289,1
2290,2
2291,2
2292,0
2293,2
2294,0
2295,1
2296,0
2297,2
2298,1
2299,1
2300,2
2301,0
2302,1
2303,0
2304,0
2305,0
2306,2
2307,0
2308,0
2309,0
2310,0
2311,0
2312,0
2313,1
2314,0
2315,1
2316,0
2317,1
2318,0
2319,1
2320,2
2321,0
2322,2
2323,0
2324,1
2325,2
2326,0
2327,0
2328,1
2329,0
2330,0
2331,2
2332,0
2333,0
2334,2
2335,0
2336,0
2337,1
2338,2
2339,0
2340,0
2341,0
2342,0
2343,0
2344,0
2345,0
2346,0
2347,2
2348,1
2349,0
2350,1
2351,0
2352,0
2353,2
2354,2
2355,0
2356,0
2357,0
2358,0
2359,0
2360,0
2361,0
2362,0
2363,0
2364,2
2365,0
2366,0
2367,0
2368,0
2369,0
2370,2
2371,2
2372,0
2373,1
2374,2
2375,0
2376,2
2377,1
2378,1
2379,0
2380,0
2381,0
2382,0
2383,1
2384,1
2385,1
2386,0
2387,0
2388,1
2389,2
2390,0
2391,0
2392,0
2393,0
2394,0
2395,0
2396,0
2397,1
2398,0
2399,0
2400,0
2401,0
2402,2
2403,1
2404,0
2405,2
2406,0
2407,0
2408,0
2409,0
2410,1
2411,1
2412,0
2413,2
2414,1
2415,0
2416,2
2417,0
2418,0
2419,0
2420,0
2421,1
2422,1
2423,2
2424,0
2425,0
2426,0
2427,0
2428,0
2429,0
2430,0
2431,0
2432,0
2433,1
2434,0
2435,2
2436,0
2437,0
2438,0
2439,0
2440,0
2441,0
2442,0
2443,2
2444,2
2445,0
2446,1
2447,2
2448,0
2449,0
2450,0
2451,0
2452,0
2453,1
2454,0
2455,1
2456,0
2457,1
2458,1
2459,0
2460,0
2461,0
2462,0
2463,0
2464,0
2465,1
2466,0
2467,0
2468,1
2469,0
2470,0
2471,0
2472,0
2473,0
2474,1
2475,0
2476,1
2477,0
2478,0
2479,0
2480,0
2481,1
2482,0
2483,1
2484,0
2485,0
2486,0
2487,0
2488,0
2489,0
2490,2
2491,1
2492,1
2493,0
2494,0
2495,0
2496,2
2497,2
2498,0
2499,1
2500,2
2501,0
2502,1
2503,0
2504,0
2505,2
2506,0
2507,1
2508,0
2509,0
2510,0
2511,0
2512,1
2513,0
2514,1
2515,2
2516,1
2517,2
2518,0
2519,0
2520,2
2521,0
2522,0
2523,0
2524,0
2525,0
2526,2
2527,2
2528,0
2529,1
2530,1
2531,0
2532,0
2533,2
2534,0
2535,0
2536,0
2537,0
2538,0
2539,0
2540,0
2541,2
2542,1
2543,1
2544,0
2545,0
2546,0
2547,2
2548,1
2549,0
2550,0
2551,0
2552,0
2553,0
2554,0
2555,2
2556,1
2557,0
2558,0
2559,0
2560,1
2561,2
2562,0
2563,0
2564,0
2565,2
2566,0
2567,0
2568,0
2569,0
2570,0
2571,0
2572,0
2573,0
2574,1
2575,0
2576,0
2577,2
2578,2
2579,0
2580,1
2581,1
2582,0
2583,0
2584,0
2585,0
2586,2
2587,0
2588,0
2589,0
2590,0
2591,1
2592,2
2593,0
2594,0
2595,1
2596,0
2597,0
2598,0
2599,0
2600,1
2601,0
2602,2
2603,1
2604,0
2605,0
2606,2
2607,1
2608,0
2609,1
2610,0
2611,0
2612,2
2613,0
2614,2
2615,0
2616,0
2617,1
2618,0
2619,0
2620,0
2621,0
2622,0
2623,0
2624,1
2625,0
2626,0
2627,2
2628,0
2629,0
2630,2
2631,1
2632,0
2633,0
2634,0
2635,0
2636,2
2637,1
2638,0
2639,0
2640,0
2641,2
2642,0
2643,0
2644,0
2645,0
2646,0
2647,1
2648,1
2649,2
2650,2
2651,2
2652,1
2653,1
2654,0
2655,0
2656,2
2657,2
2658,1
2659,2
2660,2
2661,0
2662,1
2663,0
2664,0
2665,0
2666,0
2667,2
2668,1
2669,1
2670,0
2671,0
2672,2
2673,2
2674,0
2675,0
2676,1
2677,0
2678,2
2679,0
2680,0
2681,0
2682,0
2683,0
2684,1
2685,2
2686,0
2687,0
2688,2
2689,0
2690,0
2691,0
2692,1
2693,1
2694,0
2695,2
2696,2
2697,0
2698,0
2699,0
2700,0
2701,0
2702,0
2703,0
2704,0
2705,0
2706,1
2707,0
2708,0
2709,0
2710,0
2711,2
2712,2
2713,0
2714,0
2715,0
2716,0
2717,2
2718,0
2719,2
2720,2
2721,2
2722,2
2723,2
2724,1
2725,2
2726,0
2727,0
2728,0
2729,0
2730,0
2731,0
2732,1
2733,1
2734,0
2735,0
2736,1
2737,0
2738,0
2739,0
2740,0
2741,0
2742,0
2743,0
2744,0
2745,0
2746,0
2747,0
2748,0
2749,1
2750,1
2751,2
2752,1
2753,0
2754,0
2755,0
2756,0
2757,2
2758,2
2759,0
2760,2
2761,0
2762,0
2763,2
2764,1
2765,0
2766,2
2767,1
2768,2
2769,0
2770,2
2771,0
2772,0
2773,1
2774,2
2775,0
2776,1
2777,0
2778,1
2779,2
2780,1
2781,1
2782,0
2783,1
2784,0
2785,1
2786,0
2787,0
2788,0
2789,0
2790,2
2791,0
2792,0
2793,1
2794,0
2795,0
2796,2
2797,0
2798,2
2799,1
2800,0
2801,1
2802,0
2803,0
2804,0
2805,0
2806,0
2807,0
2808,0
2809,0
2810,2
2811,1
2812,1
2813,1
2814,0
2815,0
2816,0
2817,0
2818,1
2819,0
2820,1
2821,0
2822,0
2823,1
2824,1
2825,1
2826,0
2827,0
2828,0
2829,0
2830,0
2831,1
2832,0
2833,0
2834,0
2835,0
2836,0
2837,1
2838,1
2839,0
2840,0
2841,2
2842,1
2843,1
2844,0
2845,0
2846,0
2847,0
2848,0
2849,0
2850,0
2851,0
2852,1
2853,0
2854,0
2855,1
2856,0
2857,0
2858,0
2859,0
2860,0
2861,0
2862,1
2863,0
2864,0
2865,0
2866,0
2867,0
2868,2
2869,2
2870,0
2871,0
2872,0
2873,0
2874,0
2875,2
2876,2
2877,0
2878,2
2879,1
2880,0
2881,0
2882,1
2883,1
2884,0
2885,2
2886,0
2887,0
2888,0
2889,2
2890,0
2891,0
2892,2
2893,2
2894,0
2895,1
2896,0
2897,0
2898,0
2899,1
2900,0
2901,0
2902,0
2903,0
2904,0
2905,0
2906,0
2907,1
2908,0
2909,0
2910,0
2911,1
2912,0
2913,0
2914,0
2915,0
2916,0
2917,0
2918,0
2919,0
2920,0
2921,0
2922,0
2923,2
2924,0
2925,2
2926,1
2927,0
2928,0
2929,0
2930,1
2931,2
2932,1
2933,0
2934,2
2935,0
2936,0
2937,0
2938,0
2939,0
2940,2
2941,1
2942,0
2943,0
2944,0
2945,0
2946,1
2947,0
2948,0
2949,0
2950,0
2951,2
2952,1
2953,0
2954,1
2955,2
2956,0
2957,0
2958,0
2959,2
2960,2
2961,0
2962,0
2963,0
2964,0
2965,1
2966,1
2967,0
2968,1
2969,1
2970,1
2971,0
2972,0
2973,0
2974,0
2975,0
2976,1
2977,0
2978,0
2979,1
2980,2
2981,0
2982,1
2983,1
2984,0
2985,0
2986,0
2987,1
2988,0
2989,0
2990,0
2991,0
2992,1
2993,0
2994,0
2995,0
2996,0
2997,0
2998,0
2999,0
3000,0
3001,0
3002,1
3003,1
3004,0
3005,0
3006,0
3007,0
3008,0
3009,0
3010,0
3011,0
3012,0
3013,0
3014,1
3015,0
3016,0
3017,0
3018,0
3019,0
3020,0
3021,0
3022,1
3023,0
3024,0
3025,0
3026,1
3027,2
3028,0
3029,0
3030,0
3031,2
3032,0
3033,0
3034,1
3035,2
3036,0
3037,0
3038,2
3039,1
3040,0
3041,0
3042,0
3043,0
3044,0
3045,1
3046,0
3047,0
3048,0
3049,0
3050,2
3051,1
3052,0
3053,0
3054,0
3055,0
3056,0
3057,0
3058,0
3059,0
3060,2
3061,0
3062,2
3063,0
3064,0
3065,2
3066,2
3067,1
3068,0
3069,2
3070,0
3071,0
3072,0
3073,2
3074,0
3075,0
3076,0
3077,0
3078,0
3079,1
3080,1
3081,0
3082,0
3083,0
3084,0
3085,1
3086,0
3087,0
3088,2
3089,0
3090,2
3091,0
3092,0
3093,0
3094,2
3095,0
3096,0
3097,0
3098,1
3099,2
3100,0
3101,0
3102,0
3103,0
3104,0
3105,2
3106,1
3107,0
3108,0
3109,1
3110,0
3111,1
3112,1
3113,0
3114,0
3115,0
3116,1
3117,1
3118,1
3119,1
3120,0
3121,0
3122,0
3123,0
3124,2
3125,0
3126,0
3127,0
3128,1
3129,0
3130,0
3131,0
3132,1
3133,1
3134,0
3135,0
3136,0
3137,0
3138,0
3139,0
3140,0
3141,1
3142,0
3143,0
3144,0
3145,1
3146,1
3147,2
3148,0
3149,0
3150,0
3151,0
3152,0
3153,2
3154,0
3155,0
3156,1
3157,0
3158,0
3159,0
3160,2
3161,0
3162,2
3163,0
3164,0
3165,0
3166,0
3167,0
3168,0
3169,0
3170,0
3171,0
3172,1
3173,1
3174,2
3175,0
3176,1
3177,0
3178,2
3179,2
3180,0
3181,1
3182,0
3183,0
3184,0
3185,1
3186,1
3187,2
3188,0
3189,0
3190,0
3191,1
3192,0
3193,0
3194,2
3195,0
3196,0
3197,0
3198,0
3199,0
3200,1
3201,0
3202,1
3203,0
3204,2
3205,2
3206,1
3207,1
3208,0
3209,0
3210,0
3211,0
3212,0
3213,0
3214,0
3215,0
3216,0
3217,2
3218,0
3219,0
3220,0
3221,2
3222,1
3223,2
3224,0
3225,0
3226,2
3227,0
3228,2
3229,0
3230,0
3231,1
3232,1
3233,1
3234,0
3235,1
3236,0
3237,0
3238,1
3239,1
3240,1
3241,1
3242,0
3243,0
3244,0
3245,1
3246,0
3247,2
3248,0
3249,1
3250,0
3251,0
3252,1
3253,1
3254,2
3255,2
3256,0
3257,1
3258,0
3259,0
3260,1
3261,0
3262,1
3263,2
3264,0
3265,0
3266,0
3267,1
3268,1
3269,0
3270,1
3271,0
3272,2
3273,2
3274,0
3275,2
3276,1
3277,1
3278,0
3279,1
3280,1
3281,0
3282,0
3283,0
3284,1
3285,0
3286,0
3287,2
3288,0
3289,2
3290,0
3291,0
3292,1
3293,1
3294,0
3295,2
3296,0
3297,0
3298,1
3299,0
3300,2
3301,0
3302,0
3303,0
3304,0
3305,0
3306,1
3307,0
3308,0
3309,2
3310,1
3311,2
3312,1
3313,0
3314,2
3315,0
3316,1
3317,0
3318,0
3319,2
3320,0
3321,0
3322,0
3323,0
3324,0
3325,0
3326,2
3327,1
3328,1
3329,0
3330,0
3331,0
3332,2
3333,1
3334,0
3335,1
3336,0
3337,1
3338,2
3339,0
3340,0
3341,1
3342,0
3343,0
3344,1
3345,2
3346,0
3347,0
3348,0
3349,0
3350,2
3351,1
3352,1
3353,0
3354,0
3355,0
3356,0
3357,1
3358,2
3359,2
3360,0
3361,0
3362,0
3363,1
3364,0
3365,2
3366,0
3367,0
3368,0
3369,0
3370,0
3371,1
3372,0
3373,0
3374,0
3375,0
3376,0
3377,1
3378,0
3379,0
3380,0
3381,0
3382,2
3383,1
3384,1
3385,2
3386,1
3387,0
3388,1
3389,0
3390,0
3391,0
3392,1
3393,0
3394,2
3395,0
3396,0
3397,0
3398,0
3399,0
3400,2
3401,0
3402,0
3403,0
3404,0
3405,0
3406,1
3407,2
3408,0
3409,0
3410,0
3411,2
3412,2
3413,1
3414,1
3415,0
3416,2
3417,0
3418,1
3419,0
3420,0
3421,0
3422,1
3423,0
3424,2
3425,0
3426,0
3427,0
3428,0
3429,0
3430,1
3431,1
3432,0
3433,0
3434,0
3435,0
3436,1
3437,0
3438,0
3439,2
3440,0
3441,0
3442,1
3443,0
3444,0
3445,0
3446,0
3447,1
3448,0
3449,0
3450,0
3451,0
3452,2
3453,2
3454,2
3455,2
3456,1
3457,0
3458,0
3459,0
3460,1
3461,0
3462,1
3463,0
3464,0
3465,0
3466,0
3467,0
3468,0
3469,0
3470,1
3471,0
3472,1
3473,0
3474,0
3475,0
3476,1
3477,1
3478,1
3479,0
3480,0
3481,2
3482,2
3483,0
3484,2
3485,2
3486,0
3487,0
3488,0
3489,0
3490,0
3491,0
3492,1
3493,0
3494,1
3495,1
3496,1
3497,0
3498,0
3499,0
3500,0
3501,0
3502,0
3503,0
3504,0
3505,0
3506,0
3507,0
3508,0
3509,0
3510,0
3511,1
3512,0
3513,1
3514,0
3515,0
3516,0
3517,0
3518,0
3519,0
3520,1
3521,0
3522,0
3523,0
3524,2
3525,2
3526,1
3527,2
3528,0
3529,0
3530,0
3531,0
3532,0
3533,0
3534,0
3535,0
3536,0
3537,1
3538,1
3539,0
3540,0
3541,0
3542,0
3543,1
3544,0
3545,0
3546,0
3547,0
3548,1
3549,0
3550,0
3551,1
3552,0
3553,0
3554,0
3555,0
3556,0
3557,0
3558,0
3559,0
3560,1
3561,0
3562,0
3563,0
3564,0
3565,1
3566,0
3567,2
3568,0
3569,2
3570,1
3571,0
3572,1
3573,0
3574,1
3575,1
3576,2
3577,2
3578,0
3579,0
3580,1
3581,0
3582,0
3583,2
3584,1
3585,0
3586,0
3587,0
3588,0
3589,1
3590,0
3591,1
3592,0
3593,1
3594,0
3595,0
3596,1
3597,0
3598,0
3599,0
3600,1
3601,0
3602,2
3603,0
3604,0
3605,0
3606,0
3607,0
3608,0
3609,0
3610,2
3611,0
3612,0
3613,0
3614,0
3615,0
3616,0
3617,2
3618,0
3619,0
3620,0
3621,2
3622,0
3623,0
3624,0
3625,0
3626,1
3627,0
3628,0
3629,0
3630,0
3631,0
3632,0
3633,0
3634,0
3635,0
3636,0
3637,0
3638,0
3639,1
3640,0
3641,0
3642,0
3643,0
3644,2
3645,2
3646,2
3647,0
3648,0
3649,2
3650,0
3651,1
3652,0
3653,1
3654,0
3655,1
3656,0
3657,0
3658,0
3659,1
3660,0
3661,1
3662,0
3663,2
3664,0
3665,0
3666,0
3667,0
3668,1
3669,0
3670,2
3671,0
3672,0
3673,0
3674,0
3675,0
3676,0
3677,2
3678,0
3679,0
3680,1
3681,0
3682,0
3683,0
3684,0
3685,1
3686,0
3687,0
3688,0
3689,0
3690,1
3691,0
3692,1
3693,2
3694,0
3695,0
3696,0
3697,0
3698,0
3699,0
3700,1
3701,0
3702,0
3703,1
3704,0
3705,2
3706,0
3707,0
3708,2
3709,1
3710,0
3711,1
3712,2
3713,0
3714,1
3715,0
3716,0
3717,0
3718,2
3719,2
3720,2
3721,0
3722,2
3723,0
3724,0
3725,0
3726,0
3727,0
3728,0
3729,0
3730,0
3731,0
3732,0
3733,0
3734,0
3735,0
3736,1
3737,1
3738,0
3739,0
3740,0
3741,1
3742,0
3743,1
3744,0
3745,1
3746,0
3747,0
3748,2
3749,1
3750,0
3751,0
3752,0
3753,0
3754,1
3755,0
3756,0
3757,0
3758,2
3759,2
3760,0
3761,0
3762,1
3763,0
3764,0
3765,0
3766,0
3767,0
3768,0
3769,0
3770,0
3771,2
3772,0
3773,0
3774,2
3775,0
3776,0
3777,0
3778,0
3779,1
3780,0
3781,0
3782,1
3783,2
3784,1
3785,1
3786,0
3787,0
3788,1
3789,0
3790,0
3791,0
3792,0
3793,0
3794,2
3795,0
3796,0
3797,1
3798,0
3799,0
3800,0
3801,1
3802,0
3803,0
3804,0
3805,0
3806,0
3807,2
3808,1
3809,0
3810,2
3811,1
3812,2
3813,0
3814,0
3815,2
3816,0
3817,0
3818,0
3819,0
3820,0
3821,0
3822,0
3823,0
3824,0
3825,0
3826,0
3827,0
3828,0
3829,2
3830,2
3831,1
3832,0
3833,0
3834,0
3835,0
3836,1
3837,1
3838,0
3839,0
3840,0
3841,2
3842,0
3843,0
3844,0
3845,1
3846,0
3847,0
3848,1
3849,1
3850,0
3851,0
3852,0
3853,0
3854,0
3855,1
3856,1
3857,0
3858,1
3859,0
3860,0
3861,0
3862,0
3863,0
3864,0
3865,0
3866,0
3867,0
3868,0
3869,0
3870,0
3871,0
3872,0
3873,0
3874,0
3875,0
3876,1
3877,1
3878,0
3879,0
3880,0
3881,0
3882,1
3883,0
3884,0
3885,0
3886,1
3887,0
3888,0
3889,2
3890,0
3891,2
3892,1
3893,2
3894,0
3895,0
3896,0
3897,0
3898,0
3899,2
3900,0
3901,1
3902,1
3903,1
3904,2
3905,0
3906,0
3907,0
3908,0
3909,1
3910,1
3911,0
3912,0
3913,0
3914,0
3915,1
3916,0
3917,1
3918,2
3919,2
3920,0
3921,0
3922,2
3923,0
3924,0
3925,1
3926,2
3927,0
3928,0
3929,0
3930,0
3931,0
3932,0
3933,2
3934,1
3935,0
3936,0
3937,0
3938,1
3939,0
3940,2
3941,0
3942,0
3943,1
3944,0
3945,0
3946,0
3947,0
3948,0
3949,0
3950,0
3951,0
3952,0
3953,0
3954,0
3955,0
3956,2
3957,0
3958,0
3959,0
3960,0
3961,2
3962,0
3963,1
3964,2
3965,2
3966,0
3967,0
3968,1
3969,0
3970,1
3971,2
3972,1
3973,1
3974,2
3975,1
3976,0
3977,0
3978,0
3979,0
3980,0
3981,0
3982,1
3983,0
3984,0
3985,1
3986,1
3987,0
3988,1
3989,2
3990,0
3991,2
3992,0
3993,2
3994,0
3995,2
3996,2
3997,0
3998,0
3999,0
4000,1
4001,0
4002,0
4003,1
4004,0
4005,0
4006,0
4007,2
4008,0
4009,0
4010,0
4011,0
4012,1
4013,0
4014,2
4015,0
4016,1
4017,1
4018,0
4019,2
4020,0
4021,0
4022,0
4023,0
4024,1
4025,0
4026,0
4027,0
4028,0
4029,0
4030,0
4031,1
4032,2
4033,0
4034,0
4035,1
4036,0
4037,0
4038,1
4039,0
4040,0
4041,0
4042,1
4043,0
4044,0
4045,1
4046,2
4047,2
4048,0
4049,1
4050,1
4051,1
4052,0
4053,2
4054,2
4055,0
4056,1
4057,0
4058,0
4059,0
4060,1
4061,2
4062,0
4063,2
4064,1
4065,1
4066,0
4067,0
4068,0
4069,2
4070,1
4071,2
4072,1
4073,0
4074,0
4075,0
4076,0
4077,0
4078,0
4079,0
4080,0
4081,0
4082,2
4083,2
4084,1
4085,0
4086,0
4087,1
4088,1
4089,0
4090,1
4091,2
4092,2
4093,2
4094,0
4095,0
4096,0
4097,0
4098,0
4099,0
4100,2
4101,1
4102,0
4103,2
4104,0
4105,2
4106,0
4107,0
4108,0
4109,0
4110,1
4111,0
4112,2
4113,0
4114,1
4115,2
4116,1
4117,0
4118,2
4119,1
4120,0
4121,1
4122,0
4123,1
4124,1
4125,2
4126,0
4127,0
4128,0
4129,0
4130,0
4131,0
4132,2
4133,0
4134,2
4135,0
4136,0
4137,0
4138,0
4139,0
4140,0
4141,1
4142,0
4143,1
4144,1
4145,0
4146,0
4147,0
4148,0
4149,2
4150,0
4151,2
4152,0
4153,0
4154,0
4155,0
4156,2
4157,0
4158,1
4159,0
4160,0
4161,1
4162,0
4163,1
4164,0
4165,1
4166,1
4167,0
4168,0
4169,2
4170,0
4171,0
4172,2
4173,1
4174,0
4175,1
4176,1
4177,0
4178,0
4179,0
4180,0
4181,1
4182,0
4183,0
4184,0
4185,1
4186,0
4187,1
4188,0
4189,0
4190,1
4191,0
4192,1
4193,0
4194,0
4195,1
4196,0
4197,0
4198,0
4199,0
4200,1
4201,0
4202,0
4203,0
4204,0
4205,1
4206,0
4207,0
4208,0
4209,0
4210,0
4211,0
4212,0
4213,1
4214,0
4215,0
4216,0
4217,2
4218,1
4219,1
4220,2
4221,1
4222,1
4223,2
4224,0
4225,0
4226,2
4227,0
4228,0
4229,1
4230,0
4231,1
4232,0
4233,0
4234,0
4235,0
4236,1
4237,0
4238,0
4239,0
4240,0
4241,0
4242,0
4243,0
4244,0
4245,0
4246,2
4247,0
4248,2
4249,0
4250,2
4251,0
4252,0
4253,0
4254,0
4255,0
4256,1
4257,1
4258,0
4259,0
4260,1
4261,0
4262,0
4263,2
4264,0
4265,1
4266,0
4267,0
4268,0
4269,0
4270,1
4271,0
4272,1
4273,0
4274,2
4275,0
4276,0
4277,2
4278,2
4279,1
4280,0
4281,2
4282,1
4283,0
4284,0
4285,0
4286,0
4287,1
4288,2
4289,0
4290,1
4291,1
4292,1
4293,1
4294,0
4295,0
4296,1
4297,0
4298,2
4299,0
4300,2
4301,0
4302,0
4303,1
4304,2
4305,2
4306,0
4307,0
4308,0
4309,0
4310,0
4311,0
4312,2
4313,0
4314,2
4315,0
4316,2
4317,0
4318,0
4319,0
4320,1
4321,0
4322,1
4323,0
4324,1
4325,0
4326,0
4327,0
4328,0
4329,1
4330,1
4331,0
4332,0
4333,0
4334,0
4335,0
4336,0
4337,0
4338,1
4339,2
4340,1
4341,0
4342,2
4343,0
4344,0
4345,0
4346,2
4347,0
4348,0
4349,1
4350,0
4351,1
4352,0
4353,0
4354,2
4355,1
4356,0
4357,0
4358,0
4359,1
4360,0
4361,0
4362,2
4363,0
4364,1
4365,0
4366,0
4367,0
4368,0
4369,0
4370,1
4371,0
4372,0
4373,0
4374,0
4375,2
4376,1
4377,0
4378,0
4379,0
4380,2
4381,0
4382,2
4383,2
4384,2
4385,0
4386,1
4387,2
4388,0
4389,0
4390,0
4391,2
4392,0
4393,0
4394,0
4395,0
4396,0
4397,0
4398,1
4399,0
4400,0
4401,0
4402,0
4403,0
4404,1
4405,0
4406,1
4407,0
4408,0
4409,1
4410,0
4411,0
4412,0
4413,0
4414,0
4415,0
4416,0
4417,0
4418,0
4419,0
4420,0
4421,0
4422,0
4423,0
4424,0
4425,0
4426,1
4427,0
4428,0
4429,0
4430,0
4431,0
4432,0
4433,0
4434,0
4435,0
4436,0
4437,1
4438,1
4439,0
4440,1
4441,0
4442,0
4443,0
4444,0
4445,2
4446,0
4447,0
4448,0
4449,1
4450,0
4451,2
4452,1
4453,0
4454,1
4455,2
4456,0
4457,2
4458,0
4459,0
4460,2
4461,1
4462,0
4463,0
4464,2
4465,0
4466,2
4467,2
4468,0
4469,0
4470,1
4471,0
4472,0
4473,0
4474,1
4475,2
4476,1
4477,1
4478,1
4479,2
4480,1
4481,2
4482,0
4483,0
4484,1
4485,2
4486,0
4487,0
4488,2
4489,1
4490,0
4491,2
4492,0
4493,0
4494,1
4495,0
4496,0
4497,0
4498,0
4499,1
4500,0
4501,0
4502,0
4503,0
4504,0
4505,0
4506,0
4507,0
4508,0
4509,0
4510,1
4511,1
4512,0
4513,0
4514,0
4515,1
4516,2
4517,0
4518,2
4519,0
4520,0
4521,2
4522,0
4523,0
4524,1
4525,2
4526,0
4527,0
4528,0
4529,0
4530,2
4531,2
4532,0
4533,0
4534,2
4535,1
4536,0
4537,0
4538,0
4539,0
4540,0
4541,0
4542,0
4543,0
4544,1
4545,0
4546,1
4547,0
4548,0
4549,0
4550,1
4551,0
4552,0
4553,1
4554,0
4555,1
4556,0
4557,0
4558,0
4559,0
4560,1
4561,2
4562,0
4563,1
4564,0
4565,0
4566,0
4567,2
4568,0
4569,2
4570,0
4571,0
4572,1
4573,0
4574,0
4575,0
4576,1
4577,1
4578,0
4579,0
4580,0
4581,0
4582,1
4583,1
4584,0
4585,1
4586,0
4587,0
4588,0
4589,1
4590,0
4591,0
4592,0
4593,0
4594,0
4595,0
4596,0
4597,0
4598,0
4599,1
4600,0
4601,0
4602,0
4603,1
4604,0
4605,0
4606,2
4607,0
4608,2
4609,0
4610,1
4611,2
4612,0
4613,1
4614,1
4615,1
4616,0
4617,0
4618,1
4619,0
4620,0
4621,0
4622,1
4623,0
4624,0
4625,0
4626,1
4627,0
4628,0
4629,2
4630,1
4631,0
4632,0
4633,0
4634,1
4635,1
4636,0
4637,0
4638,0
4639,0
4640,0
4641,0
4642,1
4643,0
4644,0
4645,0
4646,0
4647,0
4648,1
4649,0
4650,1
4651,0
4652,0
4653,0
4654,0
4655,0
4656,0
4657,0
4658,0
4659,0
4660,0
4661,2
4662,0
4663,2
4664,0
4665,0
4666,2
4667,0
4668,0
4669,0
4670,0
4671,2
4672,0
4673,0
4674,0
4675,1
4676,0
4677,0
4678,0
4679,2
4680,0
4681,2
4682,0
4683,0
4684,0
4685,0
4686,0
4687,0
4688,1
4689,0
4690,1
4691,0
4692,1
4693,0
4694,1
4695,2
4696,1
4697,0
4698,0
4699,1
4700,0
4701,0
4702,0
4703,1
4704,0
4705,2
4706,2
4707,0
4708,0
4709,0
4710,0
4711,1
4712,0
4713,0
4714,0
4715,0
4716,0
4717,0
4718,1
4719,0
4720,0
4721,0
4722,1
4723,2
4724,0
4725,0
4726,0
4727,0
4728,0
4729,1
4730,0
4731,0
4732,2
4733,0
4734,0
4735,0
4736,0
4737,0
4738,0
4739,0
4740,1
4741,1
4742,0
4743,0
4744,1
4745,2
4746,1
4747,2
4748,0
4749,0
4750,0
4751,0
4752,0
4753,2
4754,0
4755,0
4756,0
4757,0
4758,0
4759,2
4760,0
4761,0
4762,0
4763,0
4764,0
4765,0
4766,2
4767,0
4768,0
4769,2
4770,2
4771,2
4772,0
4773,0
4774,1
4775,1
4776,0
4777,1
4778,1
4779,0
4780,0
4781,0
4782,0
4783,0
4784,0
4785,0
4786,0
4787,1
4788,0
4789,0
4790,0
4791,0
4792,1
4793,0
4794,0
4795,0
4796,1
4797,0
4798,0
4799,0
4800,0
4801,0
4802,2
4803,0
4804,0
4805,0
4806,0
4807,0
4808,1
4809,0
4810,0
4811,0
4812,2
4813,0
4814,0
4815,0
4816,0
4817,0
4818,0
4819,1
4820,0
4821,1
4822,1
4823,1
4824,0
4825,0
4826,1
4827,0
4828,0
4829,0
4830,0
4831,0
4832,0
4833,1
4834,0
4835,0
4836,0
4837,0
4838,0
4839,2
4840,0
4841,1
4842,0
4843,0
4844,1
4845,0
4846,0
4847,0
4848,0
4849,1
4850,1
4851,0
4852,1
4853,0
4854,2
4855,2
4856,0
4857,2
4858,1
4859,2
4860,1
4861,0
4862,0
4863,0
4864,2
4865,0
4866,0
4867,1
4868,0
4869,0
4870,1
4871,0
4872,2
4873,0
4874,0
4875,0
4876,0
4877,1
4878,0
4879,0
4880,0
4881,0
4882,2
4883,2
4884,1
4885,0
4886,1
4887,0
4888,0
4889,0
4890,0
4891,0
4892,2
4893,0
4894,0
4895,1
4896,0
4897,0
4898,0
4899,0
4900,1
4901,0
4902,1
4903,0
4904,0
4905,2
4906,0
4907,1
4908,2
4909,0
4910,1
4911,0
4912,0
4913,1
4914,0
4915,0
4916,0
4917,1
4918,0
4919,1
4920,2
4921,0
4922,1
4923,2
4924,0
4925,0
4926,1
4927,0
4928,0
4929,0
4930,0
4931,0
4932,0
4933,0
4934,1
4935,0
4936,1
4937,2
4938,0
4939,0
4940,0
4941,2
4942,0
4943,0
4944,0
4945,0
4946,2
4947,0
4948,0
4949,2
4950,0
4951,0
4952,1
4953,0
4954,0
4955,1
4956,0
4957,2
4958,0
4959,2
4960,0
4961,2
4962,0
4963,0
4964,0
4965,0
4966,0
4967,0
4968,0
4969,2
4970,0
4971,1
4972,2
4973,0
4974,0
4975,0
4976,1
4977,0
4978,0
4979,0
4980,0
4981,2
4982,1
4983,0
4984,0
4985,2
4986,0
4987,0
4988,0
4989,0
4990,1
4991,0
4992,0
4993,0
4994,0
4995,0
4996,1
4997,0
4998,2
4999,0
5000,1
5001,2
5002,0
5003,0
5004,0
5005,0
5006,2
5007,0
5008,1
5009,0
5010,0
5011,1
5012,0
5013,2
5014,2
5015,0
5016,2
5017,0
5018,2
5019,0
5020,0
5021,1
5022,2
5023,0
5024,1
5025,0
5026,0
5027,0
5028,1
5029,2
5030,0
5031,0
5032,2
5033,0
5034,0
5035,0
5036,0
5037,0
5038,0
5039,0
5040,0
5041,0
5042,1
5043,2
5044,0
5045,0
5046,2
5047,0
5048,0
5049,1
5050,2
5051,2
5052,1
5053,0
5054,0
5055,2
5056,1
5057,0
5058,1
5059,0
5060,0
5061,0
5062,2
5063,1
5064,0
5065,1
5066,0
5067,0
5068,2
5069,2
5070,0
5071,2
5072,0
5073,0
5074,0
5075,0
5076,1
5077,0
5078,0
5079,2
5080,0
5081,2
5082,1
5083,0
5084,0
5085,0
5086,0
5087,0
5088,0
5089,0
5090,1
5091,1
5092,0
5093,0
5094,0
5095,0
5096,1
5097,1
5098,2
5099,0
5100,2
5101,0
5102,0
5103,0
5104,0
5105,2
5106,2
5107,1
5108,0
5109,0
5110,0
5111,1
5112,1
5113,1
5114,0
5115,2
5116,2
5117,0
5118,2
5119,2
5120,0
5121,0
5122,0
5123,0
5124,0
5125,0
5126,1
5127,2
5128,0
5129,0
5130,0
5131,0
5132,2
5133,1
5134,2
5135,2
5136,0
5137,0
5138,2
5139,0
5140,2
5141,2
5142,1
5143,0
5144,1
5145,0
5146,0
5147,0
5148,0
5149,0
5150,0
5151,0
5152,0
5153,0
5154,0
5155,2
5156,2
5157,0
5158,0
5159,1
5160,0
5161,0
5162,0
5163,0
5164,0
5165,0
5166,0
5167,1
5168,0
5169,0
5170,0
5171,0
5172,0
5173,1
5174,0
5175,1
5176,1
5177,1
5178,1
5179,0
5180,1
5181,0
5182,0
5183,1
5184,0
5185,0
5186,1
5187,1
5188,0
5189,0
5190,1
5191,1
5192,0
5193,0
5194,0
5195,0
5196,2
5197,1
5198,1
5199,0
5200,0
5201,0
5202,1
5203,1
5204,2
5205,0
5206,0
5207,1
5208,1
5209,0
5210,0
5211,0
5212,0
5213,1
5214,1
5215,0
5216,0
5217,0
5218,1
5219,0
5220,0
5221,0
5222,1
5223,0
5224,0
5225,1
5226,0
5227,2
5228,0
5229,0
5230,0
5231,0
5232,1
5233,2
5234,0
5235,1
5236,0
5237,0
5238,0
5239,0
5240,0
5241,0
5242,0
5243,2
5244,0
5245,1
5246,0
5247,0
5248,0
5249,0
5250,0
5251,2
5252,0
5253,0
5254,0
5255,0
5256,1
5257,0
5258,0
5259,2
5260,0
5261,0
5262,1
5263,0
5264,0
5265,1
5266,0
5267,0
5268,2
5269,1
5270,0
5271,0
5272,0
5273,2
5274,1
5275,0
5276,1
5277,0
5278,1
5279,2
5280,1
5281,1
5282,0
5283,0
5284,1
5285,0
5286,1
5287,0
5288,0
5289,0
5290,2
5291,0
5292,0
5293,0
5294,2
5295,0
5296,0
5297,2
5298,0
5299,2
5300,0
5301,0
5302,0
5303,0
5304,2
5305,1
5306,2
5307,0
5308,0
5309,1
5310,0
5311,0
5312,0
5313,2
5314,2
5315,0
5316,2
5317,1
5318,0
5319,0
5320,1
5321,1
5322,0
5323,2
5324,0
5325,0
5326,0
5327,0
5328,0
5329,0
5330,2
5331,0
5332,0
5333,1
5334,0
5335,1
5336,0
5337,0
5338,1
5339,0
5340,1
5341,0
5342,0
5343,1
5344,0
5345,2
5346,0
5347,0
5348,0
5349,0
5350,1
5351,0
5352,0
5353,1
5354,0
5355,0
5356,2
5357,1
5358,0
5359,1
5360,0
5361,0
5362,2
5363,0
5364,1
5365,0
5366,1
5367,1
5368,0
5369,1
5370,2
5371,1
5372,2
5373,0
5374,0
5375,0
5376,0
5377,2
5378,0
5379,0
5380,0
5381,0
5382,0
5383,1
5384,1
5385,0
5386,0
5387,0
5388,0
5389,1
5390,0
5391,2
5392,0
5393,1
5394,1
5395,0
5396,0
5397,0
5398,0
5399,0
5400,0
5401,0
5402,0
5403,1
5404,1
5405,0
5406,0
5407,1
5408,2
5409,1
5410,0
5411,0
5412,0
5413,1
5414,2
5415,0
5416,2
5417,2
5418,0
5419,2
5420,0
5421,0
5422,0
5423,0
5424,1
5425,0
5426,0
5427,0
5428,0
5429,0
5430,0
5431,0
5432,2
5433,0
5434,2
5435,0
5436,0
5437,1
5438,2
5439,0
5440,2
5441,2
5442,1
5443,1
5444,0
5445,1
5446,0
5447,0
5448,0
5449,0
5450,0
5451,0
5452,0
5453,0
5454,0
5455,0
5456,0
5457,0
5458,1
5459,1
5460,2
5461,0
5462,0
5463,2
5464,0
5465,0
5466,2
5467,0
5468,0
5469,0
5470,0
5471,2
5472,2
5473,1
5474,1
5475,0
5476,1
5477,1
5478,2
5479,0
5480,0
5481,1
5482,1
5483,1
5484,0
5485,0
5486,0
5487,1
5488,0
5489,2
5490,0
5491,2
5492,0
5493,0
5494,2
5495,0
5496,0
5497,0
5498,2
5499,0
5500,0
5501,0
5502,0
5503,0
5504,0
5505,0
5506,2
5507,0
5508,0
5509,0
5510,0
5511,0
5512,2
5513,0
5514,0
5515,1
5516,0
5517,0
5518,2
5519,0
5520,0
5521,1
5522,0
5523,0
5524,2
5525,0
5526,0
5527,2
5528,0
5529,2
5530,1
5531,2
5532,1
5533,2
5534,0
5535,1
5536,1
5537,1
5538,2
5539,1
5540,0
5541,2
5542,0
5543,0
5544,0
5545,2
5546,0
5547,0
5548,0
5549,2
5550,0
5551,0
5552,0
5553,0
5554,0
5555,1
5556,1
5557,1
5558,0
5559,0
5560,0
5561,0
5562,0
5563,0
5564,0
5565,0
5566,0
5567,0
5568,1
5569,0
5570,0
5571,0
5572,0
5573,0
5574,0
5575,0
5576,0
5577,1
5578,2
5579,0
5580,1
5581,0
5582,0
5583,0
5584,0
5585,0
5586,0
5587,0
5588,2
5589,0
5590,0
5591,1
5592,2
5593,2
5594,0
5595,1
5596,0
5597,0
5598,0
5599,0
5600,0
5601,2
5602,0
5603,0
5604,0
5605,0
5606,0
5607,0
5608,0
5609,0
5610,0
5611,0
5612,1
5613,0
5614,0
5615,1
5616,1
5617,2
5618,2
5619,1
5620,0
5621,0
5622,1
5623,1
5624,0
5625,0
5626,0
5627,2
5628,0
5629,0
5630,0
5631,0
5632,0
5633,0
5634,1
5635,1
5636,0
5637,0
5638,1
5639,0
5640,0
5641,2
5642,0
5643,1
5644,1
5645,0
5646,0
5647,0
5648,0
5649,0
5650,0
5651,0
5652,0
5653,0
5654,0
5655,0
5656,0
5657,0
5658,0
5659,0
5660,0
5661,0
5662,1
5663,0
5664,0
5665,0
5666,1
5667,0
5668,0
5669,0
5670,0
5671,0
5672,2
5673,0
5674,0
5675,0
5676,0
5677,0
5678,1
5679,1
5680,2
5681,0
5682,1
5683,2
5684,1
5685,1
5686,1
5687,0
5688,0
5689,1
5690,0
5691,0
5692,0
5693,0
5694,0
5695,2
5696,0
5697,2
5698,1
5699,0
5700,0
5701,0
5702,0
5703,0
5704,0
5705,0
5706,0
5707,0
5708,0
5709,0
5710,2
5711,1
5712,1
5713,2
5714,1
5715,0
5716,0
5717,0
5718,0
5719,0
5720,0
5721,0
5722,0
5723,0
5724,2
5725,0
5726,0
5727,0
5728,0
5729,0
5730,0
5731,0
5732,0
5733,1
5734,1
5735,1
5736,0
5737,2
5738,0
5739,1
5740,1
5741,0
5742,0
5743,0
5744,1
5745,0
5746,0
5747,0
5748,1
5749,0
5750,2
5751,0
5752,0
5753,0
5754,0
5755,0
5756,2
5757,1
5758,0
5759,0
5760,1
5761,0
5762,0
5763,0
5764,0
5765,0
5766,0
5767,1
5768,0
5769,0
5770,2
5771,2
5772,1
5773,1
5774,0
5775,0
5776,1
5777,0
5778,2
5779,2
5780,0
5781,2
5782,0
5783,0
5784,0
5785,1
5786,0
5787,0
5788,0
5789,2
5790,0
5791,0
5792,2
5793,2
5794,0
5795,0
5796,0
5797,0
5798,2
5799,2
5800,0
5801,0
5802,0
5803,0
5804,2
5805,0
5806,1
5807,0
5808,0
5809,0
5810,0
5811,1
5812,0
5813,0
5814,2
5815,2
5816,0
5817,0
5818,0
5819,0
5820,0
5821,2
5822,0
5823,0
5824,0
5825,0
5826,0
5827,1
5828,2
5829,0
5830,1
5831,0
5832,0
5833,1
5834,0
5835,2
5836,0
5837,0
5838,1
5839,0
5840,1
5841,0
5842,0
5843,1
5844,0
5845,0
5846,0
5847,0
5848,0
5849,0
5850,0
5851,0
5852,2
5853,1
5854,1
5855,0
5856,0
5857,0
5858,0
5859,0
5860,1
5861,0
5862,2
5863,0
5864,0
5865,2
5866,0
5867,0
5868,2
5869,0
5870,0
5871,2
5872,0
5873,0
5874,2
5875,0
5876,0
5877,0
5878,0
5879,2
5880,0
5881,0
5882,0
5883,0
5884,0
5885,1
5886,0
5887,0
5888,0
5889,2
5890,0
5891,2
5892,0
5893,2
5894,0
5895,1
5896,1
5897,0
5898,0
5899,0
5900,0
5901,1
5902,0
5903,0
5904,0
5905,2
5906,0
5907,1
5908,2
5909,0
5910,0
5911,0
5912,0
5913,2
5914,2
5915,0
5916,0
5917,2
5918,0
5919,0
5920,0
5921,2
5922,0
5923,1
5924,0
5925,0
5926,2
5927,1
5928,0
5929,0
5930,0
5931,0
5932,1
5933,1
5934,0
5935,0
5936,0
5937,0
5938,1
5939,0
5940,0
5941,2
5942,0
5943,2
5944,0
5945,1
5946,2
5947,1
5948,0
5949,0
5950,0
5951,0
5952,0
5953,1
5954,0
5955,0
5956,0
5957,0
5958,1
5959,0
5960,2
5961,0
5962,0
5963,1
5964,0
5965,0
5966,0
5967,2
5968,0
5969,0
5970,0
5971,1
5972,0
5973,1
5974,0
5975,0
5976,0
5977,1
5978,2
5979,0
5980,2
5981,0
5982,0
5983,2
5984,0
5985,1
5986,1
5987,0
5988,0
5989,2
5990,0
5991,0
5992,1
5993,0
5994,0
5995,0
5996,0
5997,0
5998,0
5999,1
6000,0
6001,0
6002,0
6003,2
6004,0
6005,0
6006,0
6007,2
6008,1
6009,1
6010,1
6011,1
6012,1
6013,0
6014,0
6015,0
6016,2
6017,1
6018,0
6019,0
6020,0
6021,1
6022,2
6023,0
6024,0
6025,0
6026,0
6027,0
6028,0
6029,0
6030,0
6031,1
6032,0
6033,0
6034,0
6035,0
6036,0
6037,0
6038,0
6039,1
6040,2
6041,0
6042,2
6043,1
6044,0
6045,0
6046,1
6047,0
6048,0
6049,0
6050,0
6051,0
6052,0
6053,0
6054,2
6055,0
6056,0
6057,1
6058,2
6059,0
6060,0
6061,0
6062,0
6063,2
6064,0
6065,0
6066,0
6067,0
6068,0
6069,0
6070,1
6071,0
6072,0
6073,0
6074,0
6075,2
6076,0
6077,0
6078,0
6079,0
6080,0
6081,0
6082,0
6083,2
6084,1
6085,0
6086,2
6087,0
6088,0
6089,2
6090,0
6091,0
6092,2
6093,0
6094,0
6095,2
6096,0
6097,0
6098,0
6099,2
6100,0
6101,0
6102,1
6103,0
6104,2
6105,0
6106,0
6107,0
6108,0
6109,0
6110,0
6111,0
6112,1
6113,2
6114,0
6115,0
6116,0
6117,1
6118,0
6119,0
6120,2
6121,0
6122,1
6123,1
6124,0
6125,0
6126,0
6127,0
6128,0
6129,1
6130,0
6131,0
6132,0
6133,0
6134,1
6135,1
6136,0
6137,0
6138,0
6139,2
6140,0
6141,0
6142,1
6143,0
6144,0
6145,0
6146,0
6147,1
6148,0
6149,0
6150,1
6151,1
6152,0
6153,0
6154,0
6155,2
6156,1
6157,0
6158,0
6159,0
6160,1
6161,0
6162,1
6163,2
6164,0
6165,0
6166,0
6167,1
6168,2
6169,1
6170,1
6171,2
6172,0
6173,0
6174,0
6175,0
6176,0
6177,0
6178,0
6179,0
6180,0
6181,1
6182,0
6183,1
6184,1
6185,0
6186,2
6187,2
6188,0
6189,1
6190,1
6191,2
6192,0
6193,1
6194,1
6195,0
6196,0
6197,1
6198,0
6199,0
6200,0
6201,0
6202,0
6203,0
6204,0
6205,0
6206,0
6207,0
6208,0
6209,0
6210,0
6211,0
6212,0
6213,1
6214,0
6215,1
6216,0
6217,1
6218,1
6219,2
6220,1
6221,0
6222,0
6223,0
6224,0
6225,2
6226,1
6227,1
6228,2
6229,0
6230,2
6231,1
6232,0
6233,2
6234,0
6235,0
6236,1
6237,0
6238,0
6239,2
6240,0
6241,0
6242,2
6243,1
6244,1
6245,1
6246,0
6247,1
6248,0
6249,0
6250,1
6251,0
6252,0
6253,1
6254,0
6255,1
6256,0
6257,2
6258,0
6259,0
6260,0
6261,2
6262,1
6263,0
6264,0
6265,2
6266,1
6267,0
6268,0
6269,0
6270,0
6271,1
6272,0
6273,2
6274,0
6275,1
6276,0
6277,0
6278,0
6279,0
6280,0
6281,0
6282,0
6283,0
6284,0
6285,1
6286,1
6287,2
6288,0
6289,0
6290,1
6291,2
6292,2
6293,0
6294,0
6295,0
6296,0
6297,0
6298,2
6299,0
6300,1
6301,1
6302,1
6303,0
6304,0
6305,0
6306,0
6307,2
6308,0
6309,0
6310,0
6311,1
6312,0
6313,1
6314,0
6315,1
6316,2
6317,0
6318,0
6319,1
6320,0
6321,0
6322,2
6323,0
6324,1
6325,0
6326,0
6327,0
6328,1
6329,0
6330,1
6331,0
6332,1
6333,1
6334,0
6335,0
6336,1
6337,0
6338,0
6339,0
6340,0
6341,0
6342,2
6343,0
6344,0
6345,2
6346,0
6347,2
6348,2
6349,1
6350,0
6351,0
6352,0
6353,0
6354,0
6355,0
6356,1
6357,0
6358,0
6359,2
6360,0
6361,0
6362,0
6363,0
6364,0
6365,0
6366,0
6367,0
6368,0
6369,0
6370,0
6371,0
6372,0
6373,0
6374,0
6375,0
6376,0
6377,2
6378,0
6379,1
6380,0
6381,0
6382,1
6383,0
6384,0
6385,1
6386,2
6387,2
6388,0
6389,0
6390,0
6391,0
6392,2
6393,2
6394,0
6395,2
6396,2
6397,0
6398,0
6399,0
6400,0
6401,0
6402,2
6403,0
6404,0
6405,0
6406,1
6407,0
6408,1
6409,0
6410,1
6411,1
6412,2
6413,1
6414,2
6415,2
6416,2
6417,1
6418,1
6419,0
6420,2
6421,0
6422,0
6423,0
6424,1
6425,0
6426,0
6427,2
6428,1
6429,0
6430,1
6431,1
6432,0
6433,0
6434,2
6435,0
6436,0
6437,2
6438,0
6439,1
6440,1
6441,0
6442,0
6443,0
6444,0
6445,0
6446,0
6447,0
6448,0
6449,0
6450,0
6451,0
6452,0
6453,1
6454,0
6455,0
6456,1
6457,0
6458,1
6459,0
6460,0
6461,0
6462,1
6463,0
6464,1
6465,0
6466,0
6467,1
6468,2
6469,0
6470,0
6471,1
6472,1
6473,0
6474,0
6475,0
6476,0
6477,2
6478,0
6479,0
6480,1
6481,1
6482,0
6483,0
6484,2
6485,1
6486,1
6487,0
6488,0
6489,0
6490,0
6491,0
6492,0
6493,1
6494,0
6495,0
6496,0
6497,0
6498,0
6499,0
6500,0
6501,2
6502,0
6503,0
6504,0
6505,0
6506,0
6507,0
6508,2
6509,1
6510,0
6511,1
6512,1
6513,1
6514,1
6515,2
6516,1
6517,2
6518,0
6519,1
6520,0
6521,0
6522,0
6523,0
6524,0
6525,0
6526,0
6527,1
6528,0
6529,1
6530,0
6531,0
6532,0
6533,0
6534,0
6535,0
6536,1
6537,0
6538,1
6539,0
6540,0
6541,0
6542,0
6543,1
6544,0
6545,1
6546,0
6547,0
6548,0
6549,0
6550,2
6551,0
6552,0
6553,0
6554,0
6555,0
6556,2
6557,2
6558,2
6559,0
6560,0
6561,1
6562,2
6563,0
6564,0
6565,0
6566,1
6567,0
6568,1
6569,1
6570,0
6571,0
6572,2
6573,2
6574,0
6575,2
6576,0
6577,0
6578,0
6579,0
6580,0
6581,1
6582,1
6583,0
6584,0
6585,2
6586,0
6587,2
6588,0
6589,1
6590,0
6591,0
6592,1
6593,0
6594,0
6595,0
6596,0
6597,0
6598,1
6599,0
6600,0
6601,0
6602,1
6603,0
6604,2
6605,2
6606,0
6607,0
6608,0
6609,0
6610,0
6611,1
6612,0
6613,0
6614,0
6615,2
6616,0
6617,0
6618,0
6619,0
6620,2
6621,1
6622,0
6623,1
6624,2
6625,0
6626,1
6627,1
6628,0
6629,0
6630,0
6631,1
6632,1
6633,0
6634,0
6635,0
6636,0
6637,0
6638,0
6639,0
6640,2
6641,0
6642,0
6643,0
6644,0
6645,0
6646,1
6647,0
6648,2
6649,0
6650,0
6651,2
6652,0
6653,0
6654,0
6655,2
6656,1
6657,0
6658,0
6659,2
6660,0
6661,2
6662,0
6663,0
6664,0
6665,0
6666,0
6667,0
6668,0
6669,0
6670,0
6671,0
6672,0
6673,0
6674,0
6675,2
6676,0
6677,1
6678,1
6679,0
6680,0
6681,2
6682,0
6683,0
6684,1
6685,2
6686,0
6687,0
6688,0
6689,2
6690,0
6691,2
6692,2
6693,1
6694,0
6695,0
6696,0
6697,0
6698,0
6699,0
6700,1
6701,2
6702,0
6703,0
6704,0
6705,0
6706,0
6707,1
6708,1
6709,0
6710,0
6711,2
6712,0
6713,0
11714,0
11715,1
11716,0
11717,0
11718,0
11719,1
11720,0
11721,1
11722,0
11723,2
11724,2
11725,1
11726,1
11727,0
11728,1
11729,1
11730,1
11731,0
11732,0
11733,0
11734,0
11735,1
11736,0
11737,0
11738,0
11739,1
11740,2
11741,0
11742,0
11743,2
11744,1
11745,1
11746,0
11747,2
11748,0
11749,1
11750,0
11751,0
11752,0
11753,1
11754,1
11755,0
11756,0
11757,0
11758,0
11759,1
11760,0
11761,0
11762,0
11763,1
11764,1
11765,0
11766,0
11767,2
11768,0
11769,0
11770,1
11771,2
11772,0
11773,0
11774,2
11775,0
11776,1
11777,1
11778,0
11779,2
11780,0
11781,1
11782,1
11783,1
11784,0
11785,0
11786,1
11787,0
11788,0
11789,0
11790,0
11791,1
11792,0
11793,1
11794,1
11795,0
11796,0
11797,0
11798,0
11799,0
11800,0
11801,0
11802,2
11803,0
11804,0
11805,1
11806,0
11807,0
11808,1
11809,2
11810,0
11811,2
11812,2
11813,0
11814,0
11815,2
11816,0
11817,1
11818,0
11819,0
11820,0
11821,1
11822,0
11823,0
11824,0
11825,1
11826,0
11827,0
11828,1
11829,0
11830,0
11831,0
11832,0
11833,0
11834,0
11835,1
11836,1
11837,0
11838,1
11839,1
11840,1
11841,0
11842,0
11843,0
11844,0
11845,1
11846,0
11847,2
11848,0
11849,0
11850,1
11851,0
11852,0
11853,0
11854,2
11855,0
11856,0
11857,0
11858,0
11859,0
11860,0
11861,1
11862,1
11863,1
11864,0
11865,0
11866,0
11867,0
11868,0
11869,0
11870,2
11871,0
11872,1
11873,0
11874,0
11875,1
11876,0
11877,0
11878,0
11879,0
11880,1
11881,0
11882,0
11883,0
11884,0
11885,0
11886,0
11887,2
11888,0
11889,1
11890,0
11891,0
11892,1
11893,0
11894,2
11895,2
11896,0
11897,0
11898,0
11899,2
11900,1
11901,0
11902,0
11903,0
11904,0
11905,1
11906,0
11907,0
11908,0
11909,2
11910,2
11911,0
11912,0
11913,1
11914,0
11915,0
11916,0
11917,0
11918,2
11919,2
11920,0
11921,0
11922,2
11923,0
11924,1
11925,0
11926,2
11927,2
11928,2
11929,0
11930,0
11931,0
11932,1
11933,0
11934,2
11935,1
11936,1
11937,0
11938,0
11939,0
11940,0
11941,1
11942,0
11943,0
11944,0
11945,0
11946,2
11947,0
11948,0
11949,0
11950,0
11951,1
11952,0
11953,0
11954,0
11955,0
11956,1
11957,0
11958,0
11959,0
11960,0
11961,2
11962,0
11963,0
11964,0
11965,1
11966,0
11967,0
11968,0
11969,0
11970,1
11971,0
11972,1
11973,1
11974,1
11975,2
11976,1
11977,0
11978,0
11979,0
11980,2
11981,0
11982,1
11983,2
11984,0
11985,2
11986,0
11987,1
11988,1
11989,0
11990,0
11991,1
11992,1
11993,1
11994,0
11995,0
11996,2
11997,1
11998,0
11999,2
12000,0
12001,0
12002,1
12003,1
12004,1
12005,0
12006,0
12007,2
12008,0
12009,0
12010,1
12011,1
12012,2
12013,1
12014,0
12015,0
12016,0
12017,2
12018,0
12019,0
12020,0
12021,2
12022,1
12023,0
12024,1
12025,0
12026,0
12027,0
12028,0
12029,1
12030,1
12031,0
12032,0
12033,0
12034,1
12035,0
12036,0
12037,0
12038,0
12039,1
12040,0
12041,0
12042,0
12043,0
12044,0
12045,0
12046,0
12047,0
12048,1
12049,2
12050,0
12051,0
12052,0
12053,0
12054,0
12055,1
12056,0
12057,1
12058,0
12059,0
12060,0
12061,0
12062,2
12063,1
12064,2
12065,1
12066,0
12067,0
12068,0
12069,0
12070,0
12071,0
12072,1
12073,1
12074,0
12075,0
12076,0
12077,0
12078,0
12079,0
12080,0
12081,0
12082,0
12083,2
12084,2
12085,2
12086,0
12087,2
12088,1
12089,2
12090,2
12091,0
12092,0
12093,0
12094,2
12095,0
12096,0
12097,0
12098,0
12099,0
12100,0
12101,0
12102,0
12103,0
12104,2
12105,0
12106,1
12107,2
12108,1
12109,2
12110,0
12111,0
12112,0
12113,0
12114,2
12115,1
12116,0
12117,1
12118,0
12119,0
12120,0
12121,0
12122,0
12123,1
12124,2
12125,0
12126,2
12127,1
12128,1
12129,1
12130,0
12131,2
12132,0
12133,0
12134,1
12135,1
12136,2
12137,0
12138,0
12139,0
12140,0
12141,1
12142,2
12143,2
12144,0
12145,1
12146,2
12147,0
12148,1
12149,0
12150,0
12151,2
12152,0
12153,0
12154,0
12155,0
12156,0
12157,1
12158,0
12159,2
12160,0
12161,0
12162,0
12163,1
12164,0
12165,0
12166,0
12167,0
12168,1
12169,0
12170,1
12171,0
12172,0
12173,1
12174,0
12175,0
12176,1
12177,1
12178,1
12179,1
12180,0
12181,1
12182,0
12183,0
12184,0
12185,0
12186,0
12187,0
12188,1
12189,0
12190,2
12191,0
12192,0
12193,2
12194,0
12195,0
12196,0
12197,1
12198,0
12199,2
12200,0
12201,0
12202,1
12203,2
12204,0
12205,0
12206,0
12207,0
12208,0
12209,0
12210,0
12211,0
12212,0
12213,0
12214,0
12215,0
12216,0
12217,0
12218,2
12219,2
12220,0
12221,0
12222,1
12223,0
12224,0
12225,0
12226,0
12227,0
12228,1
12229,0
12230,2
12231,0
12232,0
12233,0
12234,0
12235,2
12236,1
12237,1
12238,1
12239,0
12240,0
12241,0
12242,1
12243,0
12244,0
12245,1
12246,0
12247,0
12248,0
12249,0
12250,0
12251,0
12252,0
12253,0
12254,0
12255,1
12256,0
12257,0
12258,1
12259,0
12260,0
12261,0
12262,1
12263,1
12264,0
12265,1
12266,1
12267,0
12268,0
12269,2
12270,0
12271,0
12272,0
12273,1
12274,0
12275,1
12276,0
12277,0
12278,0
12279,1
12280,0
12281,2
12282,0
12283,1
12284,1
12285,0
12286,2
12287,0
12288,0
12289,0
12290,0
12291,1
12292,0
12293,0
12294,0
12295,0
12296,2
12297,0
12298,0
12299,0
12300,0
12301,0
12302,0
12303,0
12304,0
12305,2
12306,0
12307,2
12308,0
12309,0
12310,1
12311,0
12312,1
12313,2
12314,0
12315,0
12316,0
12317,1
12318,0
12319,2
12320,1
12321,0
12322,0
12323,0
12324,0
12325,1
12326,1
12327,0
12328,1
12329,0
12330,0
12331,0
12332,2
12333,2
12334,0
12335,0
12336,0
12337,0
12338,0
12339,0
12340,0
12341,0
12342,0
12343,1
12344,0
12345,0
12346,2
12347,0
12348,0
12349,0
12350,0
12351,0
12352,1
12353,0
12354,0
12355,0
12356,2
12357,0
12358,0
12359,1
12360,1
12361,0
12362,0
12363,0
12364,0
12365,0
12366,0
12367,0
12368,0
12369,1
12370,2
12371,0
12372,1
12373,0
12374,1
12375,0
12376,0
12377,2
12378,0
12379,0
12380,0
12381,0
12382,0
12383,0
12384,1
12385,0
12386,0
12387,0
12388,0
12389,0
12390,2
12391,1
12392,2
12393,0
12394,0
12395,0
12396,0
12397,0
12398,1
12399,2
12400,2
12401,0
12402,2
12403,0
12404,0
12405,0
12406,0
12407,1
12408,0
12409,0
12410,0
12411,1
12412,2
12413,2
12414,2
12415,1
12416,0
12417,0
12418,0
12419,0
12420,0
12421,0
12422,0
12423,0
12424,0
12425,1
12426,0
12427,1
12428,1
12429,1
12430,2
12431,0
12432,2
12433,1
12434,0
12435,0
12436,2
12437,1
12438,0
12439,0
12440,0
12441,2
12442,1
12443,0
12444,0
12445,1
12446,0
12447,0
12448,0
12449,0
12450,2
12451,0
12452,0
12453,0
12454,0
12455,0
12456,0
12457,1
12458,0
12459,1
12460,0
12461,0
12462,0
12463,1
12464,0
12465,2
12466,2
12467,0
12468,0
12469,0
12470,2
12471,2
12472,0
12473,0
12474,1
12475,2
12476,0
12477,0
12478,0
12479,1
12480,0
12481,0
12482,0
12483,0
12484,0
12485,0
12486,0
12487,0
12488,0
12489,0
12490,2
12491,0
12492,0
12493,0
12494,1
12495,0
12496,0
12497,1
12498,2
12499,0
12500,0
12501,0
12502,0
12503,0
12504,0
12505,0
12506,0
12507,0
12508,0
12509,1
12510,0
12511,0
12512,0
12513,0
12514,0
12515,0
12516,0
12517,0
12518,0
12519,2
12520,0
12521,1
12522,2
12523,0
12524,0
12525,0
12526,0
12527,0
12528,0
12529,1
12530,0
12531,0
12532,0
12533,0
12534,1
12535,0
12536,1
12537,2
12538,0
12539,0
12540,0
12541,0
12542,2
12543,2
12544,0
12545,2
12546,2
12547,0
12548,0
12549,0
12550,0
12551,0
12552,2
12553,0
12554,2
12555,0
12556,1
12557,1
12558,0
12559,0
12560,0
12561,1
12562,0
12563,0
12564,0
12565,0
12566,0
12567,0
12568,0
12569,1
12570,0
12571,1
12572,1
12573,2
12574,2
12575,0
12576,1
12577,0
12578,0
12579,0
12580,0
12581,2
12582,1
12583,0
12584,2
12585,1
12586,1
12587,0
12588,0
12589,2
12590,0
12591,0
12592,0
12593,0
12594,2
12595,0
12596,0
12597,0
12598,2
12599,0
12600,0
12601,0
12602,0
12603,0
12604,0
12605,0
12606,0
12607,0
12608,0
12609,0
12610,0
12611,0
12612,1
12613,0
12614,1
12615,0
12616,0
12617,0
12618,0
12619,0
12620,0
12621,0
12622,0
12623,0
12624,1
12625,0
12626,0
12627,0
12628,0
12629,0
12630,1
12631,0
12632,2
12633,0
12634,0
12635,1
12636,0
12637,0
12638,0
12639,0
12640,0
12641,0
12642,2
12643,0
12644,0
12645,1
12646,0
12647,0
12648,0
12649,1
12650,0
12651,0
12652,0
12653,0
12654,2
12655,0
12656,0
12657,0
12658,2
12659,2
12660,0
12661,0
12662,1
12663,0
12664,0
12665,0
12666,0
12667,0
12668,1
12669,0
12670,0
12671,0
12672,0
12673,0
12674,1
12675,1
12676,0
12677,1
12678,2
12679,2
12680,2
12681,2
12682,0
12683,1
12684,0
12685,0
12686,0
12687,2
12688,2
12689,0
12690,1
12691,0
12692,0
12693,1
12694,2
12695,0
12696,1
12697,2
12698,0
12699,0
12700,2
12701,1
12702,0
12703,0
12704,0
12705,2
12706,1
12707,0
12708,0
12709,1
12710,1
12711,1
12712,0
12713,0
12714,0
12715,0
12716,0
12717,0
12718,0
12719,1
12720,0
12721,0
12722,0
12723,0
12724,2
12725,0
12726,0
12727,1
12728,2
12729,0
12730,2
12731,0
12732,0
12733,0
12734,1
12735,0
12736,0
12737,1
12738,2
12739,0
12740,2
12741,0
12742,1
12743,0
12744,0
12745,0
12746,0
12747,0
12748,1
12749,2
12750,0
12751,2
12752,1
12753,0
12754,2
12755,2
12756,0
12757,0
12758,1
12759,0
12760,2
12761,0
12762,1
12763,0
12764,0
12765,0
12766,0
12767,1
12768,0
12769,0
12770,1
12771,0
12772,1
12773,0
12774,1
12775,2
12776,1
12777,2
12778,2
12779,0
12780,0
12781,0
12782,1
12783,0
12784,0
12785,1
12786,0
12787,0
12788,1
12789,0
12790,0
12791,0
12792,1
12793,1
12794,0
12795,1
12796,0
12797,0
12798,0
12799,1
12800,0
12801,0
12802,0
12803,0
12804,1
12805,1
12806,1
12807,0
12808,0
12809,0
12810,0
12811,2
12812,0
12813,0
12814,0
12815,0
12816,0
12817,1
12818,0
12819,0
12820,1
12821,0
12822,1
12823,0
12824,2
12825,2
12826,0
12827,2
12828,0
12829,2
12830,0
12831,0
12832,1
12833,0
12834,2
12835,0
12836,0
12837,0
12838,2
12839,2
12840,1
12841,1
12842,1
12843,2
12844,0
12845,0
12846,1
12847,0
12848,0
12849,1
12850,0
12851,0
12852,0
12853,1
12854,0
12855,1
12856,0
12857,0
12858,0
12859,1
12860,0
12861,0
12862,0
12863,0
12864,0
12865,1
12866,2
12867,0
12868,2
12869,1
12870,1
12871,0
12872,1
12873,0
12874,2
12875,0
12876,0
12877,0
12878,2
12879,0
12880,1
12881,0
12882,0
12883,0
12884,0
12885,0
12886,1
12887,0
12888,0
12889,0
12890,0
12891,2
12892,0
12893,0
12894,0
12895,0
12896,0
12897,0
12898,0
12899,0
12900,0
12901,0
12902,1
12903,1
12904,2
12905,0
12906,0
12907,0
12908,0
12909,0
12910,0
12911,0
12912,0
12913,0
12914,0
12915,0
12916,0
12917,1
12918,0
12919,0
12920,0
12921,2
12922,0
12923,0
12924,0
12925,0
12926,2
12927,2
12928,0
12929,0
12930,0
12931,2
12932,0
12933,2
12934,2
12935,0
12936,2
12937,2
12938,0
12939,0
12940,0
12941,0
12942,0
12943,1
12944,0
12945,0
12946,2
12947,0
12948,0
12949,0
12950,0
12951,0
12952,0
12953,0
12954,0
12955,0
12956,0
12957,0
12958,0
12959,0
12960,0
12961,0
12962,1
12963,2
12964,0
12965,2
12966,2
12967,0
12968,1
12969,2
12970,0
12971,1
12972,0
12973,0
12974,1
12975,0
12976,0
12977,2
12978,1
12979,1
12980,0
12981,0
12982,0
12983,0
12984,0
12985,0
12986,0
12987,2
12988,0
12989,0
12990,0
12991,0
12992,2
12993,1
12994,1
12995,0
12996,0
12997,0
12998,0
12999,0
13000,1
13001,2
13002,0
13003,0
13004,1
13005,0
13006,0
13007,0
13008,0
13009,0
13010,2
13011,1
13012,0
13013,0
13014,2
13015,0
13016,1
13017,0
13018,0
13019,0
13020,0
13021,0
13022,0
13023,0
13024,0
13025,0
13026,1
13027,0
13028,2
13029,0
13030,0
13031,0
13032,0
13033,0
13034,0
13035,0
13036,0
13037,1
13038,0
13039,0
13040,1
13041,0
13042,0
13043,0
13044,1
13045,0
13046,0
13047,0
13048,0
13049,0
13050,1
13051,1
13052,0
13053,0
13054,0
13055,1
13056,0
13057,0
13058,0
13059,0
13060,0
13061,0
13062,0
13063,0
13064,0
13065,0
13066,1
13067,0
13068,2
13069,0
13070,0
13071,1
13072,0
13073,1
13074,1
13075,0
13076,0
13077,2
13078,0
13079,1
13080,1
13081,0
13082,0
13083,0
13084,0
13085,2
13086,0
13087,2
13088,2
13089,0
13090,0
13091,0
13092,1
13093,0
13094,0
13095,1
13096,0
13097,1
13098,1
13099,1
13100,0
13101,2
13102,0
13103,1
13104,1
13105,0
13106,1
13107,0
13108,0
13109,0
13110,0
13111,0
13112,0
13113,0
13114,0
13115,0
13116,0
13117,0
13118,2
13119,2
13120,0
13121,1
13122,0
13123,1
13124,1
13125,0
13126,2
13127,0
13128,1
13129,0
13130,2
13131,0
13132,0
13133,0
13134,0
13135,2
13136,0
13137,0
13138,1
13139,0
13140,2
13141,0
13142,0
13143,0
13144,0
13145,2
13146,0
13147,0
13148,0
13149,2
13150,1
13151,0
13152,0
13153,0
13154,1
13155,1
13156,0
13157,1
13158,0
13159,0
13160,1
13161,0
13162,2
13163,1
13164,0
13165,0
13166,0
13167,0
13168,0
13169,0
13170,0
13171,0
13172,0
13173,2
13174,0
13175,0
13176,0
13177,0
13178,1
13179,0
13180,0
13181,0
13182,2
13183,0
13184,0
13185,0
13186,0
13187,0
13188,1
13189,2
13190,2
13191,0
13192,0
13193,0
13194,0
13195,0
13196,0
13197,0
13198,0
13199,0
13200,0
13201,0
13202,0
13203,0
13204,2
13205,0
13206,2
13207,2
13208,1
13209,2
13210,0
13211,0
13212,0
13213,2
13214,0
13215,0
13216,0
13217,0
13218,0
13219,2
13220,0
13221,1
13222,0
13223,0
13224,0
13225,0
13226,2
13227,0
13228,1
13229,0
13230,0
13231,1
13232,1
13233,0
13234,1
13235,2
13236,0
13237,0
13238,0
13239,0
13240,2
13241,0
13242,2
13243,0
13244,2
13245,0
13246,2
13247,1
13248,1
13249,0
13250,0
13251,0
13252,0
13253,0
13254,0
13255,1
13256,2
13257,0
13258,1
13259,2
13260,0
13261,0
13262,0
13263,2
13264,2
13265,0
13266,1
13267,2
13268,0
13269,2
13270,0
13271,0
13272,2
13273,0
13274,2
13275,0
13276,0
13277,2
13278,0
13279,1
13280,0
13281,0
13282,0
13283,2
13284,2
13285,0
13286,0
13287,0
13288,1
13289,0
13290,2
13291,0
13292,1
13293,0
13294,1
13295,0
13296,0
13297,2
13298,0
13299,0
13300,0
13301,0
13302,0
13303,0
13304,0
13305,2
13306,0
13307,1
13308,1
13309,0
13310,0
13311,0
13312,1
13313,0
13314,0
13315,0
13316,0
13317,0
13318,0
13319,0
13320,0
13321,2
13322,1
13323,0
13324,0
13325,2
13326,0
13327,2
13328,0
13329,0
13330,0
13331,0
13332,0
13333,0
13334,0
13335,0
13336,2
13337,0
13338,1
13339,0
13340,2
13341,0
13342,0
13343,0
13344,0
13345,0
13346,0
13347,0
13348,2
13349,0
13350,0
13351,0
13352,0
13353,0
13354,0
13355,0
13356,1
13357,0
13358,1
13359,0
13360,0
13361,0
13362,2
13363,0
13364,0
13365,0
13366,0
13367,0
13368,1
13369,0
13370,1
13371,0
13372,0
13373,0
13374,0
13375,0
13376,0
13377,0
13378,0
13379,0
13380,0
13381,2
13382,0
13383,1
13384,1
13385,1
13386,0
13387,0
13388,1
13389,2
13390,0
13391,2
13392,1
13393,1
13394,0
13395,1
13396,1
13397,2
13398,0
13399,1
13400,0
13401,0
13402,2
13403,0
13404,0
13405,0
13406,0
13407,0
13408,1
13409,1
13410,0
13411,0
13412,0
13413,0
13414,0
13415,2
13416,0
13417,0
13418,0
13419,0
13420,0
13421,0
13422,1
13423,1
13424,0
13425,1
13426,2
13427,2
13428,0
13429,0
13430,0
13431,0
13432,0
13433,0
13434,0
13435,0
13436,1
13437,0
13438,0
13439,0
13440,0
13441,0
13442,0
13443,0
13444,1
13445,1
13446,2
13447,1
13448,0
13449,1
13450,0
13451,0
13452,1
13453,1
13454,2
13455,0
13456,1
13457,0
13458,0
13459,0
13460,0
13461,0
13462,0
13463,2
13464,0
13465,0
13466,0
13467,0
13468,0
13469,0
13470,0
13471,0
13472,0
13473,0
13474,2
13475,1
13476,1
13477,2
13478,0
13479,1
13480,0
13481,0
13482,0
13483,0
13484,0
13485,1
13486,0
13487,2
13488,0
13489,1
13490,2
13491,0
13492,1
13493,2
13494,2
13495,0
13496,1
13497,0
13498,0
13499,1
13500,0
13501,0
13502,2
13503,2
13504,0
13505,0
13506,0
13507,0
13508,0
13509,0
13510,2
13511,0
13512,0
13513,0
13514,0
13515,0
13516,0
13517,0
13518,0
13519,0
13520,0
13521,0
13522,2
13523,1
13524,0
13525,0
13526,0
13527,1
13528,0
13529,2
13530,0
13531,0
13532,0
13533,0
13534,1
13535,1
13536,1
13537,1
13538,0
13539,0
13540,2
13541,0
13542,0
13543,0
13544,0
13545,0
13546,1
13547,0
13548,0
13549,0
13550,1
13551,1
13552,0
13553,0
13554,0
13555,0
13556,0
13557,0
13558,0
13559,0
13560,0
13561,0
13562,1
13563,1
13564,0
13565,0
13566,0
13567,0
13568,0
13569,2
13570,1
13571,2
13572,0
13573,0
13574,2
13575,1
13576,1
13577,2
13578,2
13579,0
13580,0
13581,2
13582,0
13583,0
13584,2
13585,2
13586,0
13587,0
13588,0
13589,1
13590,2
13591,1
13592,0
13593,0
13594,1
13595,0
13596,0
13597,2
13598,2
13599,0
13600,2
13601,0
13602,0
13603,0
13604,0
13605,1
13606,0
13607,1
13608,0
13609,0
13610,1
13611,0
13612,0
13613,1
13614,1
13615,2
13616,0
13617,0
13618,0
13619,1
13620,0
13621,1
13622,1
13623,0
13624,2
13625,0
13626,2
13627,0
13628,0
13629,1
13630,1
13631,0
13632,0
13633,0
13634,2
13635,1
13636,1
13637,2
13638,2
13639,1
13640,0
13641,0
13642,0
13643,0
13644,2
13645,0
13646,0
13647,2
13648,1
13649,0
13650,2
13651,0
13652,0
13653,1
13654,1
13655,0
13656,0
13657,0
13658,1
13659,0
13660,0
13661,2
13662,2
13663,1
13664,2
13665,0
13666,0
13667,1
13668,0
13669,2
13670,1
13671,0
13672,2
13673,1
13674,0
13675,0
13676,2
13677,0
13678,0
13679,0
13680,0
13681,0
13682,0
13683,0
13684,0
13685,2
13686,1
13687,0
13688,0
13689,0
13690,2
13691,0
13692,0
13693,0
13694,0
13695,0
13696,0
13697,2
13698,0
13699,0
13700,0
13701,0
13702,1
13703,0
13704,0
13705,2
13706,0
13707,0
13708,0
13709,0
13710,0
13711,0
13712,2
13713,1
13714,0
13715,0
13716,0
13717,0
13718,0
13719,0
13720,0
13721,1
13722,0
13723,0
13724,0
13725,0
13726,0
13727,2
13728,1
13729,0
13730,1
13731,2
13732,0
13733,0
13734,2
13735,2
13736,1
13737,0
13738,0
13739,2
13740,0
13741,1
13742,0
13743,0
13744,0
13745,0
13746,1
13747,0
13748,1
13749,0
13750,0
13751,1
13752,0
13753,1
13754,0
13755,0
13756,0
13757,0
13758,1
13759,0
13760,1
13761,2
13762,1
13763,1
13764,2
13765,0
13766,0
13767,0
13768,1
13769,0
13770,2
13771,0
13772,1
13773,0
13774,2
13775,2
13776,0
13777,0
13778,1
13779,0
13780,0
13781,0
13782,0
13783,0
13784,0
13785,1
13786,2
13787,1
13788,0
13789,0
13790,0
13791,0
13792,0
13793,0
13794,0
13795,2
13796,0
13797,0
13798,2
13799,0
13800,0
13801,0
13802,0
13803,0
13804,0
13805,2
13806,2
13807,0
13808,1
13809,0
13810,0
13811,0
13812,0
13813,0
13814,0
13815,2
13816,0
13817,0
13818,1
13819,0
13820,2
13821,0
13822,0
13823,0
13824,0
13825,0
13826,0
13827,0
13828,0
13829,1
13830,0
13831,1
13832,0
13833,0
13834,0
13835,0
13836,1
13837,0
13838,0
13839,1
13840,0
13841,1
13842,0
13843,0
13844,0
13845,0
13846,1
13847,0
13848,2
13849,0
13850,0
13851,0
13852,0
13853,0
13854,2
13855,0
13856,0
13857,0
13858,1
13859,1
13860,0
13861,0
13862,0
13863,1
13864,0
13865,0
13866,0
13867,2
13868,0
13869,0
13870,0
13871,0
13872,0
13873,2
13874,1
13875,1
13876,2
13877,0
13878,0
13879,0
13880,0
13881,0
13882,0
13883,1
13884,0
13885,0
13886,0
13887,0
13888,2
13889,0
13890,1
13891,2
13892,2
13893,0
13894,0
13895,0
13896,1
13897,0
13898,0
13899,0
13900,1
13901,0
13902,0
13903,0
13904,0
13905,0
13906,0
13907,0
13908,2
13909,0
13910,0
13911,0
13912,2
13913,0
13914,2
13915,2
13916,0
13917,0
13918,0
13919,1
13920,2
13921,0
13922,1
13923,0
13924,0
13925,0
13926,0
13927,0
13928,1
13929,0
13930,0
13931,0
13932,0
13933,0
13934,1
13935,0
13936,0
13937,0
13938,0
13939,0
13940,0
13941,2
13942,1
13943,1
13944,0
13945,0
13946,2
13947,1
13948,1
13949,2
13950,1
13951,1
13952,2
13953,0
13954,0
13955,0
13956,0
13957,0
13958,0
13959,0
13960,0
13961,0
13962,0
13963,0
13964,0
13965,1
13966,2
13967,0
13968,0
13969,0
13970,1
13971,1
13972,1
13973,0
13974,0
13975,2
13976,0
13977,0
13978,2
13979,1
13980,0
13981,2
13982,1
13983,2
13984,0
13985,0
13986,1
13987,0
13988,1
13989,0
13990,0
13991,0
13992,2
13993,0
13994,0
13995,0
13996,0
13997,0
13998,1
13999,0
14000,0
14001,1
14002,2
14003,1
14004,0
14005,0
14006,0
14007,0
14008,2
14009,0
14010,0
14011,0
14012,0
14013,0
14014,0
14015,0
14016,0
14017,0
14018,0
14019,0
14020,1
14021,0
14022,0
14023,0
14024,2
14025,0
14026,1
14027,0
14028,0
14029,0
14030,2
14031,0
14032,0
14033,0
14034,0
14035,0
14036,0
14037,0
14038,0
14039,0
14040,0
14041,0
14042,1
14043,0
14044,0
14045,0
14046,0
14047,1
14048,0
14049,2
14050,0
14051,0
14052,0
14053,1
14054,1
14055,0
14056,0
14057,0
14058,0
14059,1
14060,0
14061,2
14062,0
14063,1
14064,2
14065,0
14066,1
14067,0
14068,1
14069,2
14070,0
14071,1
14072,0
14073,0
14074,1
14075,0
14076,1
14077,2
14078,0
14079,0
14080,0
14081,0
14082,0
14083,0
14084,1
14085,0
14086,1
14087,0
14088,0
14089,0
14090,2
14091,0
14092,0
14093,0
14094,0
14095,1
14096,0
14097,2
14098,0
14099,0
14100,0
14101,0
14102,0
14103,0
14104,0
14105,1
14106,2
14107,0
14108,0
14109,0
14110,1
14111,0
14112,0
14113,1
14114,0
14115,0
14116,0
14117,1
14118,1
14119,1
14120,0
14121,1
14122,0
14123,0
14124,0
14125,2
14126,0
14127,0
14128,0
14129,0
14130,1
14131,0
14132,0
14133,0
14134,2
14135,1
14136,0
14137,2
14138,2
14139,1
14140,0
14141,1
14142,1
14143,1
14144,2
14145,0
14146,1
14147,0
14148,0
14149,1
14150,0
14151,0
14152,0
14153,2
14154,0
14155,1
14156,1
14157,1
14158,0
14159,0
14160,2
14161,0
14162,0
14163,0
14164,1
14165,2
14166,0
14167,0
14168,1
14169,0
14170,0
14171,1
14172,2
14173,0
14174,0
14175,0
14176,0
14177,2
14178,0
14179,0
14180,0
14181,1
14182,0
14183,1
14184,0
14185,1
14186,0
14187,0
14188,0
14189,2
14190,0
14191,0
14192,0
14193,0
14194,0
14195,0
14196,1
14197,0
14198,0
14199,0
14200,0
14201,0
14202,0
14203,0
14204,0
14205,0
14206,1
14207,0
14208,0
14209,1
14210,1
14211,0
14212,0
14213,0
14214,0
14215,0
14216,2
14217,0
14218,0
14219,1
14220,0
14221,0
14222,0
14223,0
14224,1
14225,0
14226,0
14227,0
14228,0
14229,0
14230,0
14231,1
14232,0
14233,2
14234,0
14235,1
14236,0
14237,0
14238,0
14239,1
14240,0
14241,0
14242,1
14243,2
14244,0
14245,0
14246,2
14247,0
14248,0
14249,0
14250,1
14251,0
14252,0
14253,0
14254,0
14255,0
14256,0
14257,0
14258,0
14259,0
14260,0
14261,0
14262,0
14263,2
14264,0
14265,0
14266,0
14267,1
14268,0
14269,0
14270,0
14271,0
14272,0
14273,0
14274,1
14275,0
14276,0
14277,0
14278,0
14279,0
14280,0
14281,0
14282,0
14283,0
14284,1
14285,0
14286,0
14287,2
14288,1
14289,2
14290,0
14291,0
14292,2
14293,0
14294,0
14295,0
14296,0
14297,0
14298,0
14299,0
14300,0
14301,1
14302,0
14303,0
14304,1
14305,0
14306,2
14307,0
14308,0
14309,0
14310,0
14311,0
14312,0
14313,0
14314,0
14315,2
14316,1
14317,0
14318,0
14319,1
14320,0
14321,0
14322,1
14323,0
14324,1
14325,0
14326,2
14327,0
14328,0
14329,1
14330,2
14331,0
14332,1
14333,0
14334,0
14335,0
14336,1
14337,0
14338,0
14339,1
14340,0
14341,0
14342,0
14343,1
14344,0
14345,0
14346,0
14347,1
14348,0
14349,1
14350,0
14351,1
14352,0
14353,0
14354,0
14355,2
14356,0
14357,0
14358,0
14359,2
14360,2
14361,0
14362,0
14363,0
14364,1
14365,0
14366,1
14367,0
14368,0
14369,0
14370,0
14371,1
14372,1
14373,1
14374,0
14375,0
14376,0
14377,2
14378,0
14379,1
14380,2
14381,0
14382,0
14383,0
14384,0
14385,0
14386,0
14387,0
14388,1
14389,1
14390,2
14391,1
14392,0
14393,0
14394,0
14395,1
14396,0
14397,0
14398,1
14399,0
14400,0
14401,0
14402,0
14403,0
14404,0
14405,0
14406,0
14407,2
14408,0
14409,0
14410,0
14411,1
14412,0
14413,1
14414,2
14415,0
14416,0
14417,0
14418,2
14419,1
14420,2
14421,1
14422,0
14423,0
14424,0
14425,2
14426,0
14427,0
14428,0
14429,0
14430,0
14431,0
14432,0
14433,0
14434,0
14435,0
14436,0
14437,0
14438,1
14439,1
14440,0
14441,0
14442,0
14443,1
14444,0
14445,0
14446,2
14447,0
14448,0
14449,0
14450,0
14451,0
14452,1
14453,1
14454,0
14455,1
14456,1
14457,1
14458,0
14459,0
14460,1
14461,0
14462,1
14463,0
14464,0
14465,0
14466,0
14467,0
14468,1
14469,0
14470,0
14471,0
14472,1
14473,0
14474,0
14475,0
14476,1
14477,0
14478,0
14479,0
14480,1
14481,1
14482,1
14483,0
14484,0
14485,0
14486,0
14487,0
14488,0
14489,0
14490,0
14491,0
14492,1
14493,1
14494,0
14495,0
14496,0
14497,1
14498,0
14499,0
14500,0
14501,2
14502,0
14503,0
14504,2
14505,1
14506,0
14507,1
14508,0
14509,2
14510,0
14511,0
14512,1
14513,1
14514,1
14515,1
14516,0
14517,0
14518,0
14519,0
14520,0
14521,2
14522,0
14523,0
14524,1
14525,1
14526,0
14527,0
14528,0
14529,0
14530,2
14531,0
14532,0
14533,2
14534,1
14535,1
14536,0
14537,0
14538,0
14539,2
14540,0
14541,1
14542,1
14543,2
14544,0
14545,0
14546,0
14547,0
14548,2
14549,0
14550,2
14551,2
14552,0
14553,0
14554,0
14555,0
14556,0
14557,0
14558,0
14559,1
14560,1
14561,0
14562,1
14563,0
14564,0
14565,1
14566,0
14567,2
14568,0
14569,0
14570,0
14571,1
14572,0
14573,0
14574,2
14575,2
14576,0
14577,2
14578,0
14579,0
14580,2
14581,0
14582,0
14583,0
14584,0
14585,2
14586,0
14587,2
14588,0
14589,0
14590,0
14591,2
14592,0
14593,1
14594,0
14595,0
14596,0
14597,0
14598,2
14599,0
14600,0
14601,2
14602,0
14603,0
14604,0
14605,0
14606,1
14607,0
14608,0
14609,0
14610,0
14611,1
14612,1
14613,2
14614,0
14615,0
14616,2
14617,2
14618,0
14619,0
14620,0
14621,0
14622,0
14623,0
14624,0
14625,0
14626,2
14627,0
14628,0
14629,1
14630,0
14631,0
14632,0
14633,0
14634,2
14635,0
14636,1
14637,2
14638,1
14639,1
14640,0
14641,1
14642,0
14643,1
14644,1
14645,0
14646,0
14647,1
14648,1
14649,0
14650,2
14651,2
14652,1
14653,0
14654,0
14655,0
14656,0
14657,0
14658,0
14659,2
14660,0
14661,0
14662,1
14663,0
14664,1
14665,1
14666,0
14667,0
14668,0
14669,1
14670,0
14671,1
14672,1
14673,1
14674,0
14675,2
14676,0
14677,2
14678,1
14679,0
14680,0
14681,0
14682,0
14683,0
14684,1
14685,0
14686,0
14687,1
14688,0
14689,1
14690,1
14691,0
14692,0
14693,0
14694,0
14695,0
14696,0
14697,0
14698,0
14699,0
14700,1
14701,0
14702,0
14703,0
14704,1
14705,0
14706,0
14707,1
14708,1
14709,0
14710,1
14711,1
14712,0
14713,1
14714,2
14715,0
14716,1
14717,0
14718,1
14719,0
14720,0
14721,0
14722,2
14723,2
14724,2
14725,1
14726,0
14727,0
14728,1
14729,2
14730,0
14731,0
14732,2
14733,1
14734,0
14735,0
14736,0
14737,0
14738,2
14739,0
14740,0
14741,0
14742,0
14743,0
14744,0
14745,0
14746,0
14747,0
14748,0
14749,0
14750,2
14751,0
14752,2
14753,0
14754,0
14755,0
14756,0
14757,0
14758,0
14759,0
14760,0
14761,0
14762,0
14763,0
14764,1
14765,0
14766,0
14767,0
14768,0
14769,0
14770,1
14771,1
14772,2
14773,0
14774,0
14775,0
14776,1
14777,0
14778,0
14779,1
14780,0
14781,2
14782,0
14783,0
14784,0
14785,0
14786,0
14787,1
14788,2
14789,0
14790,0
14791,1
14792,2
14793,0
14794,1
14795,0
14796,0
14797,0
14798,1
14799,0
14800,0
14801,2
14802,0
14803,2
14804,0
14805,0
14806,0
14807,2
14808,0
14809,0
14810,1
14811,0
14812,0
14813,0
14814,0
14815,0
14816,0
14817,0
14818,1
14819,0
14820,0
14821,1
14822,0
14823,2
14824,0
14825,0
14826,2
14827,0
14828,1
14829,0
14830,0
14831,0
14832,0
14833,0
14834,2
14835,0
14836,0
14837,2
14838,0
14839,0
14840,2
14841,0
14842,0
14843,0
14844,1
14845,0
14846,0
14847,2
14848,2
14849,0
14850,0
14851,0
14852,0
14853,0
14854,1
14855,0
14856,2
14857,0
14858,0
14859,0
14860,0
14861,1
14862,1
14863,0
14864,0
14865,0
14866,0
14867,0
14868,2
14869,0
14870,0
14871,0
14872,0
14873,0
14874,2
14875,0
14876,0
14877,1
14878,2
14879,2
14880,0
14881,2
14882,1
14883,0
14884,2
14885,0
14886,0
14887,0
14888,2
14889,2
14890,1
14891,0
14892,0
14893,2
14894,0
14895,0
14896,0
14897,0
14898,0
14899,0
14900,0
14901,0
14902,0
14903,0
14904,0
14905,0
14906,0
14907,0
14908,0
14909,2
14910,0
14911,1
14912,1
14913,1
14914,2
14915,1
14916,0
14917,0
14918,0
14919,0
14920,0
14921,0
14922,0
14923,0
14924,0
14925,1
14926,1
14927,0
14928,0
14929,2
14930,2
14931,0
14932,2
14933,2
14934,0
14935,2
14936,0
14937,1
14938,2
14939,0
14940,0
14941,0
14942,2
14943,1
14944,0
14945,1
14946,2
14947,0
14948,1
14949,0
14950,1
14951,0
14952,0
14953,0
14954,2
14955,0
14956,0
14957,1
14958,2
14959,0
14960,0
14961,0
14962,1
14963,1
14964,0
14965,1
14966,0
14967,0
14968,0
14969,1
14970,0
14971,0
14972,0
14973,0
14974,0
14975,1
14976,0
14977,1
14978,0
14979,2
14980,0
14981,1
14982,0
14983,0
14984,0
14985,0
14986,0
14987,0
14988,2
14989,1
14990,0
14991,0
14992,0
14993,0
14994,0
14995,2
14996,0
14997,0
14998,2
14999,0
15000,0
15001,2
15002,2
15003,2
15004,0
15005,0
15006,1
15007,0
15008,0
15009,0
15010,0
15011,0
15012,0
15013,0
15014,0
15015,0
15016,1
15017,0
15018,0
15019,1
15020,1
15021,0
15022,0
15023,1
15024,1
15025,2
15026,0
15027,0
15028,0
15029,0
15030,0
15031,0
15032,2
15033,1
15034,0
15035,0
15036,0
15037,1
15038,0
15039,0
15040,1
15041,1
15042,2
15043,2
15044,0
15045,2
15046,1
15047,1
15048,0
15049,1
15050,0
15051,1
15052,2
15053,0
15054,1
15055,0
15056,1
15057,0
15058,0
15059,0
15060,0
15061,2
15062,0
15063,0
15064,0
15065,0
15066,1
15067,1
15068,2
15069,0
15070,0
15071,1
15072,2
15073,2
15074,2
15075,0
15076,0
15077,0
15078,1
15079,0
15080,0
15081,1
15082,2
15083,1
15084,0
15085,0
15086,0
15087,2
15088,1
15089,0
15090,0
15091,0
15092,2
15093,2
15094,0
15095,2
15096,0
15097,0
15098,0
15099,1
15100,2
15101,2
15102,1
15103,0
15104,0
15105,0
15106,1
15107,2
15108,0
15109,0
15110,1
15111,0
15112,2
15113,2
15114,0
15115,0
15116,0
15117,2
15118,1
15119,0
15120,0
15121,0
15122,2
15123,0
15124,0
15125,1
15126,0
15127,0
15128,1
15129,0
15130,0
15131,0
15132,0
15133,2
15134,0
15135,0
15136,0
15137,0
15138,0
15139,2
15140,1
15141,0
15142,0
15143,0
15144,0
15145,2
15146,0
15147,0
15148,1
15149,0
15150,2
15151,2
15152,0
15153,2
15154,2
15155,1
15156,0
15157,0
15158,0
15159,0
15160,1
15161,0
15162,0
15163,0
15164,0
15165,1
15166,1
15167,0
15168,0
15169,1
15170,0
15171,0
15172,1
15173,1
15174,1
15175,0
15176,0
15177,0
15178,2
15179,2
15180,1
15181,2
15182,2
15183,0
15184,2
15185,2
15186,0
15187,0
15188,0
15189,0
15190,1
15191,0
15192,1
15193,0
15194,0
15195,0
15196,0
15197,0
15198,0
15199,0
15200,0
15201,1
15202,0
15203,2
15204,0
15205,0
15206,0
15207,1
15208,1
15209,0
15210,1
15211,1
15212,0
15213,0
15214,1
15215,0
15216,0
15217,0
15218,0
15219,0
15220,2
15221,2
15222,2
15223,0
15224,1
15225,0
15226,0
15227,0
15228,1
15229,0
15230,1
15231,0
15232,2
15233,0
15234,1
15235,2
15236,2
15237,0
15238,0
15239,2
15240,0
15241,2
15242,0
15243,2
15244,0
15245,1
15246,0
15247,0
15248,0
15249,0
15250,2
15251,0
15252,0
15253,1
15254,0
15255,0
15256,2
15257,0
15258,0
15259,0
15260,0
15261,2
15262,0
15263,2
15264,0
15265,0
15266,0
15267,0
15268,0
15269,1
15270,0
15271,0
15272,0
15273,2
15274,1
15275,0
15276,1
15277,0
15278,1
15279,1
15280,2
15281,0
15282,0
15283,0
15284,0
15285,0
15286,0
15287,2
15288,1
15289,0
15290,0
15291,0
15292,0
15293,2
15294,2
15295,2
15296,0
15297,2
15298,1
15299,1
15300,0
15301,2
15302,0
15303,0
15304,0
15305,0
15306,0
15307,0
15308,0
15309,0
15310,0
15311,1
15312,0
15313,1
15314,2
15315,1
15316,2
15317,0
15318,0
15319,0
15320,0
15321,0
15322,1
15323,1
15324,2
15325,0
15326,0
15327,0
15328,0
15329,0
15330,2
15331,0
15332,0
15333,0
15334,0
15335,0
15336,2
15337,0
15338,2
15339,0
15340,0
15341,0
15342,1
15343,0
15344,0
15345,0
15346,1
15347,0
15348,0
15349,0
15350,1
15351,0
15352,0
15353,0
15354,0
15355,0
15356,0
15357,0
15358,0
15359,0
15360,0
15361,1
15362,0
15363,2
15364,0
15365,0
15366,0
15367,0
15368,0
15369,0
15370,0
15371,0
15372,0
15373,2
15374,1
15375,0
15376,0
15377,0
15378,0
15379,2
15380,1
15381,1
15382,0
15383,0
15384,2
15385,0
15386,0
15387,0
15388,2
15389,0
15390,1
15391,0
15392,1
15393,0
15394,1
15395,0
15396,0
15397,0
15398,0
15399,1
15400,0
15401,0
15402,0
15403,0
15404,2
15405,1
15406,2
15407,0
15408,1
15409,2
15410,0
15411,0
15412,0
15413,0
15414,0
15415,0
15416,0
15417,2
15418,0
15419,0
15420,0
15421,0
15422,0
15423,2
15424,0
15425,0
15426,0
15427,0
